osm_id,osm_url,name,lat,lon,tourism,amenity,building,route_distance_m,note:osm_route_relation,relation_status,proposal_note
way/1273197042,https://www.openstreetmap.org/way/1273197042,,63.4359992,10.4006727,,shelter,roof,20.0,10508888,missing,Proposed: add as member of relation 10508888 (Kystpilegrimsleia). Do not modify existing members of relation 10508888 (Kystpilegrimsleia). Research aid only. Existing OSM object: way/1273197042.
node/11373501344,https://www.openstreetmap.org/node/11373501344,Comfort Hotel Trondheim,63.4330281,10.4023490,hotel,,,22.6,10508888,missing,Proposed: add as member of relation 10508888 (Kystpilegrimsleia). Do not modify existing members of relation 10508888 (Kystpilegrimsleia). Research aid only. Existing OSM object: node/11373501344.
way/89485660,https://www.openstreetmap.org/way/89485660,Bakeriet,63.4340616,10.4027324,hotel,,hotel,22.9,10508888,missing,Proposed: add as member of relation 10508888 (Kystpilegrimsleia). Do not modify existing members of relation 10508888 (Kystpilegrimsleia). Research aid only. Existing OSM object: way/89485660.
node/156719769,https://www.openstreetmap.org/node/156719769,Home Hotel Grand Olav,63.4341701,10.4036210,hotel,,,23.5,10508888,missing,Proposed: add as member of relation 10508888 (Kystpilegrimsleia). Do not modify existing members of relation 10508888 (Kystpilegrimsleia). Research aid only. Existing OSM object: node/156719769.
node/9312886959,https://www.openstreetmap.org/node/9312886959,,63.4310611,10.3773874,,shelter,,27.1,10508888,missing,Proposed: add as member of relation 10508888 (Kystpilegrimsleia). Do not modify existing members of relation 10508888 (Kystpilegrimsleia). Research aid only. Existing OSM object: node/9312886959.
node/7093860786,https://www.openstreetmap.org/node/7093860786,,63.4309475,10.3755851,picnic_site,,,35.2,10508888,missing,Proposed: add as member of relation 10508888 (Kystpilegrimsleia). Do not modify existing members of relation 10508888 (Kystpilegrimsleia). Research aid only. Existing OSM object: node/7093860786.
way/1273197052,https://www.openstreetmap.org/way/1273197052,,63.4358184,10.4013944,,shelter,roof,38.9,10508888,missing,Proposed: add as member of relation 10508888 (Kystpilegrimsleia). Do not modify existing members of relation 10508888 (Kystpilegrimsleia). Research aid only. Existing OSM object: way/1273197052.
node/156719783,https://www.openstreetmap.org/node/156719783,Astoria,63.4341994,10.3969041,hotel,,,44.0,10508888,missing,Proposed: add as member of relation 10508888 (Kystpilegrimsleia). Do not modify existing members of relation 10508888 (Kystpilegrimsleia). Research aid only. Existing OSM object: node/156719783.
node/956343591,https://www.openstreetmap.org/node/956343591,Chesterfield Hotel,63.4343610,10.3999152,hotel,,,48.6,10508888,missing,Proposed: add as member of relation 10508888 (Kystpilegrimsleia). Do not modify existing members of relation 10508888 (Kystpilegrimsleia). Research aid only. Existing OSM object: node/956343591.
node/13009857691,https://www.openstreetmap.org/node/13009857691,Knirkenheimen,63.4343219,10.4020075,hotel,,,67.4,10508888,missing,Proposed: add as member of relation 10508888 (Kystpilegrimsleia). Do not modify existing members of relation 10508888 (Kystpilegrimsleia). Research aid only. Existing OSM object: node/13009857691.
way/500278221,https://www.openstreetmap.org/way/500278221,,63.4360318,10.3987975,,shelter,yes,71.1,10508888,missing,Proposed: add as member of relation 10508888 (Kystpilegrimsleia). Do not modify existing members of relation 10508888 (Kystpilegrimsleia). Research aid only. Existing OSM object: way/500278221.
way/1191208478,https://www.openstreetmap.org/way/1191208478,,63.4260886,10.3936366,,shelter,roof,75.5,10508888,missing,Proposed: add as member of relation 10508888 (Kystpilegrimsleia). Do not modify existing members of relation 10508888 (Kystpilegrimsleia). Research aid only. Existing OSM object: way/1191208478.
way/635967457,https://www.openstreetmap.org/way/635967457,,63.4367077,10.4014107,,shelter,yes,76.6,10508888,missing,Proposed: add as member of relation 10508888 (Kystpilegrimsleia). Do not modify existing members of relation 10508888 (Kystpilegrimsleia). Research aid only. Existing OSM object: way/635967457.
way/1273197041,https://www.openstreetmap.org/way/1273197041,,63.4360221,10.4020844,,shelter,roof,78.1,10508888,missing,Proposed: add as member of relation 10508888 (Kystpilegrimsleia). Do not modify existing members of relation 10508888 (Kystpilegrimsleia). Research aid only. Existing OSM object: way/1273197041.
way/89482684,https://www.openstreetmap.org/way/89482684,Radisson Blu Royal Garden Hotel,63.4335993,10.4052815,hotel,,hotel,80.3,10508888,missing,Proposed: add as member of relation 10508888 (Kystpilegrimsleia). Do not modify existing members of relation 10508888 (Kystpilegrimsleia). Research aid only. Existing OSM object: way/89482684.
way/635967456,https://www.openstreetmap.org/way/635967456,,63.4368516,10.4013552,,shelter,yes,81.3,10508888,missing,Proposed: add as member of relation 10508888 (Kystpilegrimsleia). Do not modify existing members of relation 10508888 (Kystpilegrimsleia). Research aid only. Existing OSM object: way/635967456.
way/1273197040,https://www.openstreetmap.org/way/1273197040,,63.4360232,10.4021799,,shelter,roof,82.6,10508888,missing,Proposed: add as member of relation 10508888 (Kystpilegrimsleia). Do not modify existing members of relation 10508888 (Kystpilegrimsleia). Research aid only. Existing OSM object: way/1273197040.
way/1456196846,https://www.openstreetmap.org/way/1456196846,Venterom spor 2-3,63.4364446,10.3979202,,shelter,yes,89.4,10508888,missing,Proposed: add as member of relation 10508888 (Kystpilegrimsleia). Do not modify existing members of relation 10508888 (Kystpilegrimsleia). Research aid only. Existing OSM object: way/1456196846.
node/956343622,https://www.openstreetmap.org/node/956343622,City Living Sentrum Hotel & Apartments,63.4337708,10.3968930,hotel,,,90.2,10508888,missing,Proposed: add as member of relation 10508888 (Kystpilegrimsleia). Do not modify existing members of relation 10508888 (Kystpilegrimsleia). Research aid only. Existing OSM object: node/956343622.
node/2957446755,https://www.openstreetmap.org/node/2957446755,Thon Hotel Nidaros,63.4339680,10.3997770,hotel,,,90.4,10508888,missing,Proposed: add as member of relation 10508888 (Kystpilegrimsleia). Do not modify existing members of relation 10508888 (Kystpilegrimsleia). Research aid only. Existing OSM object: node/2957446755.
way/1456196847,https://www.openstreetmap.org/way/1456196847,Venterom spor 4-5,63.4365882,10.3978636,,shelter,yes,91.7,10508888,missing,Proposed: add as member of relation 10508888 (Kystpilegrimsleia). Do not modify existing members of relation 10508888 (Kystpilegrimsleia). Research aid only. Existing OSM object: way/1456196847.
node/4744954423,https://www.openstreetmap.org/node/4744954423,Britannia Hotel,63.4317139,10.3987305,hotel,,,103.6,10508888,missing,Proposed: add as member of relation 10508888 (Kystpilegrimsleia). Do not modify existing members of relation 10508888 (Kystpilegrimsleia). Research aid only. Existing OSM object: node/4744954423.
way/1064363102,https://www.openstreetmap.org/way/1064363102,,63.4258429,10.3932923,,shelter,roof,106.4,10508888,missing,Proposed: add as member of relation 10508888 (Kystpilegrimsleia). Do not modify existing members of relation 10508888 (Kystpilegrimsleia). Research aid only. Existing OSM object: way/1064363102.
way/1273197043,https://www.openstreetmap.org/way/1273197043,,63.4358249,10.4029420,,shelter,roof,107.3,10508888,missing,Proposed: add as member of relation 10508888 (Kystpilegrimsleia). Do not modify existing members of relation 10508888 (Kystpilegrimsleia). Research aid only. Existing OSM object: way/1273197043.
way/1273197044,https://www.openstreetmap.org/way/1273197044,,63.4358230,10.4028504,,shelter,roof,107.7,10508888,missing,Proposed: add as member of relation 10508888 (Kystpilegrimsleia). Do not modify existing members of relation 10508888 (Kystpilegrimsleia). Research aid only. Existing OSM object: way/1273197044.
way/727606082,https://www.openstreetmap.org/way/727606082,,63.4303989,10.3850939,,shelter,,127.7,10508888,missing,Proposed: add as member of relation 10508888 (Kystpilegrimsleia). Do not modify existing members of relation 10508888 (Kystpilegrimsleia). Research aid only. Existing OSM object: way/727606082.
way/727606081,https://www.openstreetmap.org/way/727606081,,63.4301104,10.3735738,,shelter,roof,134.0,10508888,missing,Proposed: add as member of relation 10508888 (Kystpilegrimsleia). Do not modify existing members of relation 10508888 (Kystpilegrimsleia). Research aid only. Existing OSM object: way/727606081.
way/167823309,https://www.openstreetmap.org/way/167823309,Nidaros Pilgrimsgård,63.4266307,10.4000303,guest_house,,retail,135.8,10508888,missing,Proposed: add as member of relation 10508888 (Kystpilegrimsleia). Do not modify existing members of relation 10508888 (Kystpilegrimsleia). Research aid only. Existing OSM object: way/167823309.
way/89943608,https://www.openstreetmap.org/way/89943608,Comfort Hotel Park,63.4276607,10.3924426,hotel,,hotel,141.1,10508888,missing,Proposed: add as member of relation 10508888 (Kystpilegrimsleia). Do not modify existing members of relation 10508888 (Kystpilegrimsleia). Research aid only. Existing OSM object: way/89943608.
way/1459090692,https://www.openstreetmap.org/way/1459090692,,63.4333310,10.3979994,,shelter,yes,148.8,10508888,missing,Proposed: add as member of relation 10508888 (Kystpilegrimsleia). Do not modify existing members of relation 10508888 (Kystpilegrimsleia). Research aid only. Existing OSM object: way/1459090692.
way/1459090691,https://www.openstreetmap.org/way/1459090691,,63.4333339,10.3981347,,shelter,yes,150.4,10508888,missing,Proposed: add as member of relation 10508888 (Kystpilegrimsleia). Do not modify existing members of relation 10508888 (Kystpilegrimsleia). Research aid only. Existing OSM object: way/1459090691.
way/315195450,https://www.openstreetmap.org/way/315195450,P-Hotels Brattøra,63.4358958,10.3955836,hotel,,hotel,152.9,10508888,missing,Proposed: add as member of relation 10508888 (Kystpilegrimsleia). Do not modify existing members of relation 10508888 (Kystpilegrimsleia). Research aid only. Existing OSM object: way/315195450.
way/87312398,https://www.openstreetmap.org/way/87312398,Scandic Nidelven,63.4358091,10.4068045,hotel,,hotel,157.1,10508888,missing,Proposed: add as member of relation 10508888 (Kystpilegrimsleia). Do not modify existing members of relation 10508888 (Kystpilegrimsleia). Research aid only. Existing OSM object: way/87312398.
way/727606084,https://www.openstreetmap.org/way/727606084,,63.4310260,10.3903924,,shelter,,163.7,10508888,missing,Proposed: add as member of relation 10508888 (Kystpilegrimsleia). Do not modify existing members of relation 10508888 (Kystpilegrimsleia). Research aid only. Existing OSM object: way/727606084.
node/9153258063,https://www.openstreetmap.org/node/9153258063,Pensjonat Jarlen,63.4306834,10.3892014,guest_house,,,169.0,10508888,missing,Proposed: add as member of relation 10508888 (Kystpilegrimsleia). Do not modify existing members of relation 10508888 (Kystpilegrimsleia). Research aid only. Existing OSM object: node/9153258063.
node/156719797,https://www.openstreetmap.org/node/156719797,Quality Hotel Prinsen,63.4308664,10.3911954,hotel,,,198.3,10508888,missing,Proposed: add as member of relation 10508888 (Kystpilegrimsleia). Do not modify existing members of relation 10508888 (Kystpilegrimsleia). Research aid only. Existing OSM object: node/156719797.
way/1254355963,https://www.openstreetmap.org/way/1254355963,,63.4296955,10.3718592,,shelter,roof,220.4,10508888,missing,Proposed: add as member of relation 10508888 (Kystpilegrimsleia). Do not modify existing members of relation 10508888 (Kystpilegrimsleia). Research aid only. Existing OSM object: way/1254355963.
node/386579894,https://www.openstreetmap.org/node/386579894,City Living Schøller hotel,63.4320760,10.3956480,hotel,,,227.9,10508888,missing,Proposed: add as member of relation 10508888 (Kystpilegrimsleia). Do not modify existing members of relation 10508888 (Kystpilegrimsleia). Research aid only. Existing OSM object: node/386579894.
node/1667274373,https://www.openstreetmap.org/node/1667274373,Scandic Bakklandet,63.4321506,10.4065282,hotel,,,242.4,10508888,missing,Proposed: add as member of relation 10508888 (Kystpilegrimsleia). Do not modify existing members of relation 10508888 (Kystpilegrimsleia). Research aid only. Existing OSM object: node/1667274373.
way/1459090694,https://www.openstreetmap.org/way/1459090694,,63.4324338,10.4073009,,shelter,yes,243.4,10508888,missing,Proposed: add as member of relation 10508888 (Kystpilegrimsleia). Do not modify existing members of relation 10508888 (Kystpilegrimsleia). Research aid only. Existing OSM object: way/1459090694.
node/1769499181,https://www.openstreetmap.org/node/1769499181,Quality Hotel Augustin,63.4308030,10.3925710,hotel,,,244.2,10508888,missing,Proposed: add as member of relation 10508888 (Kystpilegrimsleia). Do not modify existing members of relation 10508888 (Kystpilegrimsleia). Research aid only. Existing OSM object: node/1769499181.
node/156719791,https://www.openstreetmap.org/node/156719791,Thon Hotel Trondheim,63.4303457,10.3929292,hotel,,,263.4,10508888,missing,Proposed: add as member of relation 10508888 (Kystpilegrimsleia). Do not modify existing members of relation 10508888 (Kystpilegrimsleia). Research aid only. Existing OSM object: node/156719791.
way/179050462,https://www.openstreetmap.org/way/179050462,Clarion Hotel Trondheim,63.4398377,10.4017676,hotel,,hotel,277.8,10508888,missing,Proposed: add as member of relation 10508888 (Kystpilegrimsleia). Do not modify existing members of relation 10508888 (Kystpilegrimsleia). Research aid only. Existing OSM object: way/179050462.
node/1513477025,https://www.openstreetmap.org/node/1513477025,,63.4291503,10.3690041,picnic_site,,,365.6,10508888,missing,Proposed: add as member of relation 10508888 (Kystpilegrimsleia). Do not modify existing members of relation 10508888 (Kystpilegrimsleia). Research aid only. Existing OSM object: node/1513477025.
way/1009280984,https://www.openstreetmap.org/way/1009280984,,63.4292570,10.3683113,,shelter,yes,386.5,10508888,missing,Proposed: add as member of relation 10508888 (Kystpilegrimsleia). Do not modify existing members of relation 10508888 (Kystpilegrimsleia). Research aid only. Existing OSM object: way/1009280984.
way/1458781122,https://www.openstreetmap.org/way/1458781122,,63.4228070,10.3952454,,shelter,yes,411.5,10508888,missing,Proposed: add as member of relation 10508888 (Kystpilegrimsleia). Do not modify existing members of relation 10508888 (Kystpilegrimsleia). Research aid only. Existing OSM object: way/1458781122.
way/138028509,https://www.openstreetmap.org/way/138028509,,63.4288547,10.3681568,,shelter,,419.1,10508888,missing,Proposed: add as member of relation 10508888 (Kystpilegrimsleia). Do not modify existing members of relation 10508888 (Kystpilegrimsleia). Research aid only. Existing OSM object: way/138028509.
way/887303068,https://www.openstreetmap.org/way/887303068,,63.4226679,10.3951425,,shelter,yes,426.7,10508888,missing,Proposed: add as member of relation 10508888 (Kystpilegrimsleia). Do not modify existing members of relation 10508888 (Kystpilegrimsleia). Research aid only. Existing OSM object: way/887303068.
way/952989537,https://www.openstreetmap.org/way/952989537,,63.4225847,10.3947056,,shelter,yes,435.7,10508888,missing,Proposed: add as member of relation 10508888 (Kystpilegrimsleia). Do not modify existing members of relation 10508888 (Kystpilegrimsleia). Research aid only. Existing OSM object: way/952989537.
way/1412833892,https://www.openstreetmap.org/way/1412833892,Ila,63.4286009,10.3671945,,shelter,yes,474.2,10508888,missing,Proposed: add as member of relation 10508888 (Kystpilegrimsleia). Do not modify existing members of relation 10508888 (Kystpilegrimsleia). Research aid only. Existing OSM object: way/1412833892.
way/1414455656,https://www.openstreetmap.org/way/1414455656,,63.4287506,10.3669477,,shelter,yes,474.3,10508888,missing,Proposed: add as member of relation 10508888 (Kystpilegrimsleia). Do not modify existing members of relation 10508888 (Kystpilegrimsleia). Research aid only. Existing OSM object: way/1414455656.
way/80560179,https://www.openstreetmap.org/way/80560179,Scandic Solsiden,63.4347430,10.4143725,hotel,,hotel,476.6,10508888,missing,Proposed: add as member of relation 10508888 (Kystpilegrimsleia). Do not modify existing members of relation 10508888 (Kystpilegrimsleia). Research aid only. Existing OSM object: way/80560179.
way/887303067,https://www.openstreetmap.org/way/887303067,,63.4221832,10.3943414,,shelter,yes,481.0,10508888,missing,Proposed: add as member of relation 10508888 (Kystpilegrimsleia). Do not modify existing members of relation 10508888 (Kystpilegrimsleia). Research aid only. Existing OSM object: way/887303067.
way/1254323446,https://www.openstreetmap.org/way/1254323446,,63.4266673,10.3779501,,shelter,,509.3,10508888,missing,Proposed: add as member of relation 10508888 (Kystpilegrimsleia). Do not modify existing members of relation 10508888 (Kystpilegrimsleia). Research aid only. Existing OSM object: way/1254323446.
node/11901478606,https://www.openstreetmap.org/node/11901478606,,63.4252184,10.3840851,picnic_site,,,553.7,10508888,missing,Proposed: add as member of relation 10508888 (Kystpilegrimsleia). Do not modify existing members of relation 10508888 (Kystpilegrimsleia). Research aid only. Existing OSM object: node/11901478606.
way/60335614,https://www.openstreetmap.org/way/60335614,Hotell St. Olav,63.4216488,10.3911459,hotel,,hospital,570.2,10508888,missing,Proposed: add as member of relation 10508888 (Kystpilegrimsleia). Do not modify existing members of relation 10508888 (Kystpilegrimsleia). Research aid only. Existing OSM object: way/60335614.
way/1467850110,https://www.openstreetmap.org/way/1467850110,,63.4372207,10.4167581,,shelter,yes,657.7,10508888,missing,Proposed: add as member of relation 10508888 (Kystpilegrimsleia). Do not modify existing members of relation 10508888 (Kystpilegrimsleia). Research aid only. Existing OSM object: way/1467850110.
node/5370787854,https://www.openstreetmap.org/node/5370787854,,63.4368772,10.4182332,picnic_site,,,711.2,10508888,missing,Proposed: add as member of relation 10508888 (Kystpilegrimsleia). Do not modify existing members of relation 10508888 (Kystpilegrimsleia). Research aid only. Existing OSM object: node/5370787854.
way/1034911378,https://www.openstreetmap.org/way/1034911378,,63.4208727,10.4042535,,shelter,yes,781.8,10508888,missing,Proposed: add as member of relation 10508888 (Kystpilegrimsleia). Do not modify existing members of relation 10508888 (Kystpilegrimsleia). Research aid only. Existing OSM object: way/1034911378.
way/1034911377,https://www.openstreetmap.org/way/1034911377,,63.4206762,10.4042794,,shelter,yes,800.2,10508888,missing,Proposed: add as member of relation 10508888 (Kystpilegrimsleia). Do not modify existing members of relation 10508888 (Kystpilegrimsleia). Research aid only. Existing OSM object: way/1034911377.
node/5103482149,https://www.openstreetmap.org/node/5103482149,,63.4305921,10.4186785,picnic_site,,,812.0,10508888,missing,Proposed: add as member of relation 10508888 (Kystpilegrimsleia). Do not modify existing members of relation 10508888 (Kystpilegrimsleia). Research aid only. Existing OSM object: node/5103482149.
node/4951143059,https://www.openstreetmap.org/node/4951143059,Singsaker Sommerhotell,63.4241200,10.4128540,hotel,,,816.1,10508888,missing,Proposed: add as member of relation 10508888 (Kystpilegrimsleia). Do not modify existing members of relation 10508888 (Kystpilegrimsleia). Research aid only. Existing OSM object: node/4951143059.
node/5064717702,https://www.openstreetmap.org/node/5064717702,,63.4308901,10.4195725,picnic_site,,,835.5,10508888,missing,Proposed: add as member of relation 10508888 (Kystpilegrimsleia). Do not modify existing members of relation 10508888 (Kystpilegrimsleia). Research aid only. Existing OSM object: node/5064717702.
way/956166760,https://www.openstreetmap.org/way/956166760,,63.4289045,10.3560211,,shelter,yes,966.5,10508888,missing,Proposed: add as member of relation 10508888 (Kystpilegrimsleia). Do not modify existing members of relation 10508888 (Kystpilegrimsleia). Research aid only. Existing OSM object: way/956166760.
way/1039106465,https://www.openstreetmap.org/way/1039106465,RUMI Hostel,63.4336748,10.4245115,hostel,,hostel,986.9,10508888,missing,Proposed: add as member of relation 10508888 (Kystpilegrimsleia). Do not modify existing members of relation 10508888 (Kystpilegrimsleia). Research aid only. Existing OSM object: way/1039106465.
way/1034905063,https://www.openstreetmap.org/way/1034905063,,63.4362450,10.4248222,,shelter,yes,1011.5,10508888,missing,Proposed: add as member of relation 10508888 (Kystpilegrimsleia). Do not modify existing members of relation 10508888 (Kystpilegrimsleia). Research aid only. Existing OSM object: way/1034905063.
way/1034905064,https://www.openstreetmap.org/way/1034905064,,63.4370882,10.4267906,,shelter,yes,1126.5,10508888,missing,Proposed: add as member of relation 10508888 (Kystpilegrimsleia). Do not modify existing members of relation 10508888 (Kystpilegrimsleia). Research aid only. Existing OSM object: way/1034905064.
way/953778907,https://www.openstreetmap.org/way/953778907,,63.4167917,10.4076604,,shelter,yes,1254.1,10508888,missing,Proposed: add as member of relation 10508888 (Kystpilegrimsleia). Do not modify existing members of relation 10508888 (Kystpilegrimsleia). Research aid only. Existing OSM object: way/953778907.
way/953778908,https://www.openstreetmap.org/way/953778908,,63.4165824,10.4075501,,shelter,yes,1271.5,10508888,missing,Proposed: add as member of relation 10508888 (Kystpilegrimsleia). Do not modify existing members of relation 10508888 (Kystpilegrimsleia). Research aid only. Existing OSM object: way/953778908.
way/1034903456,https://www.openstreetmap.org/way/1034903456,,63.4384593,10.4296044,,shelter,yes,1303.1,10508888,missing,Proposed: add as member of relation 10508888 (Kystpilegrimsleia). Do not modify existing members of relation 10508888 (Kystpilegrimsleia). Research aid only. Existing OSM object: way/1034903456.
way/1034903455,https://www.openstreetmap.org/way/1034903455,,63.4385915,10.4302387,,shelter,yes,1337.7,10508888,missing,Proposed: add as member of relation 10508888 (Kystpilegrimsleia). Do not modify existing members of relation 10508888 (Kystpilegrimsleia). Research aid only. Existing OSM object: way/1034903455.
way/1034903713,https://www.openstreetmap.org/way/1034903713,,63.4399112,10.4324890,,shelter,yes,1494.3,10508888,missing,Proposed: add as member of relation 10508888 (Kystpilegrimsleia). Do not modify existing members of relation 10508888 (Kystpilegrimsleia). Research aid only. Existing OSM object: way/1034903713.
node/2276076662,https://www.openstreetmap.org/node/2276076662,Trondheim Leilighetshotell,63.4403475,10.4329507,apartment,,,1534.6,10508888,missing,Proposed: add as member of relation 10508888 (Kystpilegrimsleia). Do not modify existing members of relation 10508888 (Kystpilegrimsleia). Research aid only. Existing OSM object: node/2276076662.
way/1128668066,https://www.openstreetmap.org/way/1128668066,,63.4138469,10.4088535,,shelter,,1570.5,10508888,missing,Proposed: add as member of relation 10508888 (Kystpilegrimsleia). Do not modify existing members of relation 10508888 (Kystpilegrimsleia). Research aid only. Existing OSM object: way/1128668066.
way/1371308625,https://www.openstreetmap.org/way/1371308625,,63.4274514,10.4326190,,shelter,yes,1587.7,10508888,missing,Proposed: add as member of relation 10508888 (Kystpilegrimsleia). Do not modify existing members of relation 10508888 (Kystpilegrimsleia). Research aid only. Existing OSM object: way/1371308625.
node/5614808713,https://www.openstreetmap.org/node/5614808713,,63.4225101,10.3488581,picnic_site,,,1610.2,10508888,missing,Proposed: add as member of relation 10508888 (Kystpilegrimsleia). Do not modify existing members of relation 10508888 (Kystpilegrimsleia). Research aid only. Existing OSM object: node/5614808713.
node/5614808899,https://www.openstreetmap.org/node/5614808899,,63.4281868,10.3425088,picnic_site,,,1638.9,10508888,missing,Proposed: add as member of relation 10508888 (Kystpilegrimsleia). Do not modify existing members of relation 10508888 (Kystpilegrimsleia). Research aid only. Existing OSM object: node/5614808899.
node/12041334693,https://www.openstreetmap.org/node/12041334693,,63.4118139,10.3880592,,shelter,,1667.8,10508888,missing,Proposed: add as member of relation 10508888 (Kystpilegrimsleia). Do not modify existing members of relation 10508888 (Kystpilegrimsleia). Research aid only. Existing OSM object: node/12041334693.
node/5614808712,https://www.openstreetmap.org/node/5614808712,,63.4217576,10.3479091,picnic_site,,,1698.6,10508888,missing,Proposed: add as member of relation 10508888 (Kystpilegrimsleia). Do not modify existing members of relation 10508888 (Kystpilegrimsleia). Research aid only. Existing OSM object: node/5614808712.
node/5585891813,https://www.openstreetmap.org/node/5585891813,Scandic Lerkendal,63.4115670,10.4025440,hotel,,,1704.5,10508888,missing,Proposed: add as member of relation 10508888 (Kystpilegrimsleia). Do not modify existing members of relation 10508888 (Kystpilegrimsleia). Research aid only. Existing OSM object: node/5585891813.
node/12041334694,https://www.openstreetmap.org/node/12041334694,,63.4115771,10.3865364,,shelter,,1710.3,10508888,missing,Proposed: add as member of relation 10508888 (Kystpilegrimsleia). Do not modify existing members of relation 10508888 (Kystpilegrimsleia). Research aid only. Existing OSM object: node/12041334694.
node/6166912050,https://www.openstreetmap.org/node/6166912050,,63.4184119,10.3545492,picnic_site,,,1740.9,10508888,missing,Proposed: add as member of relation 10508888 (Kystpilegrimsleia). Do not modify existing members of relation 10508888 (Kystpilegrimsleia). Research aid only. Existing OSM object: node/6166912050.
way/1034901652,https://www.openstreetmap.org/way/1034901652,,63.4435038,10.4349928,,shelter,yes,1792.0,10508888,missing,Proposed: add as member of relation 10508888 (Kystpilegrimsleia). Do not modify existing members of relation 10508888 (Kystpilegrimsleia). Research aid only. Existing OSM object: way/1034901652.
way/1034901651,https://www.openstreetmap.org/way/1034901651,,63.4434848,10.4353901,,shelter,roof,1807.4,10508888,missing,Proposed: add as member of relation 10508888 (Kystpilegrimsleia). Do not modify existing members of relation 10508888 (Kystpilegrimsleia). Research aid only. Existing OSM object: way/1034901651.
way/1382645333,https://www.openstreetmap.org/way/1382645333,Cecilie Thoresens veg,63.4273933,10.4387620,,shelter,yes,1864.8,10508888,missing,Proposed: add as member of relation 10508888 (Kystpilegrimsleia). Do not modify existing members of relation 10508888 (Kystpilegrimsleia). Research aid only. Existing OSM object: way/1382645333.
way/1370355785,https://www.openstreetmap.org/way/1370355785,,63.4315440,10.4420910,,shelter,yes,1886.0,10508888,missing,Proposed: add as member of relation 10508888 (Kystpilegrimsleia). Do not modify existing members of relation 10508888 (Kystpilegrimsleia). Research aid only. Existing OSM object: way/1370355785.
node/1599437480,https://www.openstreetmap.org/node/1599437480,,63.4206358,10.3445882,picnic_site,,,1905.6,10508888,missing,Proposed: add as member of relation 10508888 (Kystpilegrimsleia). Do not modify existing members of relation 10508888 (Kystpilegrimsleia). Research aid only. Existing OSM object: node/1599437480.
