trail,poi_name,category,lat,lon,url
Borgleden,Bakke Camping,Rasteplass,59.0140034,11.4509889,https://www.pilegrimsleden.no/interessepunkter/bakke-camping
Borgleden,Bakkelund Backpackers,Rom og hytter | Teltplass,59.6802386,10.7225305,https://www.pilegrimsleden.no/interessepunkter/bakkelund-backpackers
Borgleden,Berg pilegrimsherberge,Pilegrimsherberge,59.1369926,11.3298869,https://www.pilegrimsleden.no/interessepunkter/berg-pilegrimsherberge
Borgleden,Bråtorp Camping,Campingplass | Rom og hytter | Teltplass,58.9113625,11.5237426,https://www.pilegrimsleden.no/interessepunkter/bratorp-camping
Borgleden,Bunks at Rode,Pilegrimsherberge | Vandrerhjem,59.9273939,10.7668296,https://www.pilegrimsleden.no/interessepunkter/bunks-at-rode
Borgleden,Fredriksten Camping,Campingplass | Rom og hytter | Teltplass,59.1159429,11.3986499,https://www.pilegrimsleden.no/interessepunkter/fredriksten-camping
Borgleden,"Gapahuk med grillplass Tobru, Halden",Gapahuk | Rasteplass,59.1545253,11.2919712,https://www.pilegrimsleden.no/interessepunkter/gapahuk-med-grillplass-tobru-halden
Borgleden,"Gapahuk med grillplass, Skjeberg/Guslundåsen-Heia",Gapahuk | Rasteplass,59.2213893,11.1974888,https://www.pilegrimsleden.no/interessepunkter/gapahuk-med-grillplass-skjeberg-guslundasen-heia-2
Borgleden,Haldenhytta,Pilegrimsherberge,59.1187617,11.3935733,https://www.pilegrimsleden.no/interessepunkter/overnatting-haldenhytta
Borgleden,Langøyene camping,Teltplass,59.8712779,10.7156181,https://www.pilegrimsleden.no/interessepunkter/langoyene-camping
Borgleden,Pilegrimsovernatting i Moss,Pilegrimsherberge,59.4136357,10.6629665,https://www.pilegrimsleden.no/interessepunkter/pilegrimsovernatting-i-moss
Borgleden,Skjeberg camping,Campingplass,59.1907989,11.1869016,https://www.pilegrimsleden.no/interessepunkter/skjeberg-camping
Borgleden,Solåsen pilegrimsgård,Pilegrimsherberge,59.5067271,10.6886244,https://www.pilegrimsleden.no/interessepunkter/solasen-pilegrimsgard
Borgleden,Urtegården Nordre Mørk,Rasteplass,59.5489309,10.6979168,https://www.pilegrimsleden.no/interessepunkter/urtegarden-rasteplass-og-overnatting
Borgleden,Utne Camping,Campingplass,59.3180143,10.9809503,https://www.pilegrimsleden.no/interessepunkter/utne-camping
Borgleden,Østre Aker pilegrimsherberge,Pilegrimsherberge,59.9221295,10.8198166,https://www.pilegrimsleden.no/interessepunkter/ostre-aker-herberge
Gudbrandsdalsleden,"""Rastebu"" at Farseggen #1",Rasteplass,59.9999579,11.0495442,https://www.pilegrimsleden.no/interessepunkter/gapahuk-1
Gudbrandsdalsleden,"""Rastebu"" ved Farseggen #2",Rasteplass,59.9963896,11.0843414,https://www.pilegrimsleden.no/interessepunkter/gapahuk
Gudbrandsdalsleden,Aaraas Pilegrimsherberge,Pilegrimsherberge | Teltplass,59.9893932,10.9769382,https://www.pilegrimsleden.no/interessepunkter/aaraas-pilegrimsherberge
Gudbrandsdalsleden,Arteid Vestre,Rom og hytter | Teltplass,60.0504832,11.1530332,https://www.pilegrimsleden.no/interessepunkter/arteid-vestre
Gudbrandsdalsleden,Atelier Lefstorvet,Pilegrimsherberge,60.8350473,11.0091287,https://www.pilegrimsleden.no/interessepunkter/atelier-lefstorvet
Gudbrandsdalsleden,Audenhus - Pilegrimsherberge på Vingrom,Pilegrimsherberge,61.0296336,10.4403680,https://www.pilegrimsleden.no/interessepunkter/audenhus-pilegrimsherberge-pa-vingrom
Gudbrandsdalsleden,Aunan Gård,Pilegrimsherberge,63.2256824,10.0401410,https://www.pilegrimsleden.no/interessepunkter/aunan-gard
Gudbrandsdalsleden,Aurdal Gård,Pilegrimsherberge | Rom og hytter | Teltplass,60.1900835,10.3672265,https://www.pilegrimsleden.no/interessepunkter/aurdal-gard
Gudbrandsdalsleden,Basecamp Frich's Hjerkinn,Vandrerhjem | Teltplass,62.2208301,9.5441801,https://www.pilegrimsleden.no/interessepunkter/hjerkinnhus-vandrerhjem
Gudbrandsdalsleden,Bergmannshuset,Vandrerhjem,63.1242870,9.7045620,https://www.pilegrimsleden.no/interessepunkter/sans-bergmannskroa
Gudbrandsdalsleden,Betania Kolbu,Pilegrimsherberge | Rom og hytter | Teltplass,60.6127328,10.7676959,https://www.pilegrimsleden.no/interessepunkter/betania-kolbu
Gudbrandsdalsleden,Bittes Gjestehus,Pilegrimsherberge,61.5275291,10.1347539,https://www.pilegrimsleden.no/interessepunkter/bittes-gjestehus
Gudbrandsdalsleden,Brurbakkvegen 79,Pilegrimsherberge | Vandrerhjem | Teltplass,60.4083844,10.5107736,https://www.pilegrimsleden.no/interessepunkter/brurbakkvegen-79
Gudbrandsdalsleden,Bryggerhuset Nordre Ullern,Pilegrimsherberge | Rom og hytter | Teltplass | Rasteplass,60.0823505,10.2203343,https://www.pilegrimsleden.no/interessepunkter/bryggerhuset-nordre-ullern
Gudbrandsdalsleden,Bryggerhuset på Lander,Pilegrimsherberge,60.3897231,10.5109907,https://www.pilegrimsleden.no/interessepunkter/bryggerhuset-pa-lander
Gudbrandsdalsleden,Bryhni Søndre – Gjestegård,Pilegrimsherberge,60.7286909,11.2564445,https://www.pilegrimsleden.no/interessepunkter/bryhni-sondre-gjestegard
Gudbrandsdalsleden,Brynn i Bergsengroa,Pilegrimsherberge | Teltplass,61.0364407,10.4874372,https://www.pilegrimsleden.no/interessepunkter/overnatting-pa-brynn-i-bergsengroa-i-brottum
Gudbrandsdalsleden,Brøttum Camping,Campingplass | Rom og hytter | Teltplass,61.0245197,10.5536841,https://www.pilegrimsleden.no/interessepunkter/brottum-camping
Gudbrandsdalsleden,Budsjord historisk gard,Vandrerhjem,62.0158705,9.2236515,https://www.pilegrimsleden.no/interessepunkter/budsjord-historisk-gard
Gudbrandsdalsleden,Bunks at Rode,Pilegrimsherberge | Vandrerhjem,59.9273939,10.7668296,https://www.pilegrimsleden.no/interessepunkter/bunks-at-rode
Gudbrandsdalsleden,Båkinn Gård,Pilegrimsherberge | Rom og hytter | Teltplass | Gapahuk,60.7365991,10.8293661,https://www.pilegrimsleden.no/interessepunkter/bakinn-gard
Gudbrandsdalsleden,Bærum gapahuk,Gapahuk,59.9429920,10.5565670,https://www.pilegrimsleden.no/interessepunkter/baerum-gapahuk
Gudbrandsdalsleden,Bøndernes Hus Jevnaker,Gapahuk,60.2529905,10.4293258,https://www.pilegrimsleden.no/interessepunkter/bondernes-hus-jevnaker
Gudbrandsdalsleden,Dalum herberge tilbyr enkel overnatting til pilegrimer,Pilegrimsherberge,61.6805397,9.5678257,https://www.pilegrimsleden.no/interessepunkter/dalum-herberge-tilbyr-enkel-overnatting-til-pilegrimer
Gudbrandsdalsleden,Dovrefjell Lodge (Furuhaugli),Vandrerhjem | Rom og hytter | Teltplass,62.1535067,9.3706512,https://www.pilegrimsleden.no/interessepunkter/furuhaugli-turisthytter
Gudbrandsdalsleden,Dovregubbens Hall,Vandrerhjem,62.1746080,9.4288660,https://www.pilegrimsleden.no/interessepunkter/dovregubbens-hall
Gudbrandsdalsleden,Dovreskogen camping,Rom og hytter | Teltplass,61.9286771,9.3168783,https://www.pilegrimsleden.no/interessepunkter/dovreskogen-camping
Gudbrandsdalsleden,Dovreskogen Gjestegård,Vandrerhjem | Teltplass,61.9118008,9.3607324,https://www.pilegrimsleden.no/interessepunkter/dovreskogen-gjestegard
Gudbrandsdalsleden,Eidsvoll gamle prestegård - STENGT I 2026,Pilegrimsherberge | Teltplass,60.3197741,11.2458617,https://www.pilegrimsleden.no/interessepunkter/eidsvoll-gamle-prestegard
Gudbrandsdalsleden,Elgsjøhytta (for grupper),Rom og hytter,62.3790904,9.7729082,https://www.pilegrimsleden.no/interessepunkter/elgsjohytta-for-grupper
Gudbrandsdalsleden,Elstad Camping,Pilegrimsherberge | Campingplass,61.5015144,10.1689251,https://www.pilegrimsleden.no/interessepunkter/elstad-camping-camping-site-on-the-riverbank-of-gudbrandsdalslagen
Gudbrandsdalsleden,ELSTAD CAMPING - I VAKRE OMGIVELSER VED GUDBRANDSDALSLÅGEN,Pilegrimsherberge | Campingplass,61.5015145,10.1688644,https://www.pilegrimsleden.no/interessepunkter/elstad-camping-i-vakre-omgivelser-ved-gudbrandsdalslagen
Gudbrandsdalsleden,Engen kloster i Kolbu,Pilegrimsherberge,60.5895024,10.7197376,https://www.pilegrimsleden.no/interessepunkter/engen-kloster-i-kolbu-overnatting
Gudbrandsdalsleden,Enkel overnatting i gapahuk/hytte,Gapahuk,60.3805850,11.2759638,https://www.pilegrimsleden.no/interessepunkter/enkel-overnatting-i-gapahuk-hytte
Gudbrandsdalsleden,Fjellheim gård,Pilegrimsherberge | Teltplass,60.0378726,11.1432213,https://www.pilegrimsleden.no/interessepunkter/fjellheim-gard
Gudbrandsdalsleden,Fjetre gård - midelrtidig stengt,Pilegrimsherberge,60.7621526,11.0896601,https://www.pilegrimsleden.no/interessepunkter/fjetre-gard
Gudbrandsdalsleden,Fokstugu Fjellstue,Vandrerhjem,62.1140805,9.2871092,https://www.pilegrimsleden.no/interessepunkter/fokstugu-fjellstue
Gudbrandsdalsleden,Fuglesang herberge,Pilegrimsherberge,59.9238617,10.6365279,https://www.pilegrimsleden.no/interessepunkter/fuglesang-herberge-2
Gudbrandsdalsleden,Furuodden Camping,Campingplass | Rom og hytter | Teltplass,61.0224513,10.4576106,https://www.pilegrimsleden.no/interessepunkter/furuodden-camping
Gudbrandsdalsleden,Gamleveien 60,Rom og hytter | Teltplass,60.2153432,10.3759525,https://www.pilegrimsleden.no/interessepunkter/gamleveien-60
Gudbrandsdalsleden,"Gapahuk ""Pilegrimshvile""",Gapahuk,59.9662800,10.9510000,https://www.pilegrimsleden.no/interessepunkter/gapahuk-pilegrimshvile
Gudbrandsdalsleden,Gapahuk Frya,Gapahuk,61.5511860,10.0430918,https://www.pilegrimsleden.no/interessepunkter/gapahuk-frya
Gudbrandsdalsleden,Gapahuk i Furuberget,Gapahuk,60.8180334,11.0204029,https://www.pilegrimsleden.no/interessepunkter/gapahuk-i-furuberget
Gudbrandsdalsleden,Gapahuk i Klokkerhavna,Teltplass | Gapahuk,60.3674225,10.5375538,https://www.pilegrimsleden.no/interessepunkter/gapahuk-i-klokkerhavna
Gudbrandsdalsleden,Gapahuk i Skar,Gapahuk,61.5904745,9.8321629,https://www.pilegrimsleden.no/interessepunkter/gapahuk-i-skar
Gudbrandsdalsleden,"Gapahuk på Lindeberg etter Vilbergfjellet, før Arteid",Gapahuk,60.0427147,11.1536121,https://www.pilegrimsleden.no/interessepunkter/gapahuk-pa-lindeberg-etter-vilbergfjellet-for-arteid
Gudbrandsdalsleden,Gapahuk på Snøton,Gapahuk,63.1879637,9.8919895,https://www.pilegrimsleden.no/interessepunkter/gapahuk-pa-snoton
Gudbrandsdalsleden,Gapahuk ved Hjerkindammen,Gapahuk,62.2149902,9.5783620,https://www.pilegrimsleden.no/interessepunkter/gapahuk-ved-hjerkindammen
Gudbrandsdalsleden,Gapahuk ved Honerud Gård,Teltplass | Gapahuk,60.1948610,10.3523226,https://www.pilegrimsleden.no/interessepunkter/gapahuk-i-haug
Gudbrandsdalsleden,Gapahuk ved Nordsveodden i Ottestad,Gapahuk,60.7691810,11.0742694,https://www.pilegrimsleden.no/interessepunkter/gapahuk-ved-nordsveodden-i-ottestad
Gudbrandsdalsleden,"Gapahuken ""Gubbero""",Gapahuk,59.9663388,10.9423496,https://www.pilegrimsleden.no/interessepunkter/gapahuken-gubbero
Gudbrandsdalsleden,"Gapahuken ""Kjerringfred""",Gapahuk,59.9590930,10.9450000,https://www.pilegrimsleden.no/interessepunkter/gapahuken-kjerringfred
Gudbrandsdalsleden,Gardlaus Markastue og pilegrimsherberge,Rom og hytter,59.9338221,10.5539131,https://www.pilegrimsleden.no/interessepunkter/garlaus-markastue-og-pilegrimsherberge
Gudbrandsdalsleden,Gildesvollen Pilegrimsherberge - overnatting på en historisk plass,Pilegrimsherberge,61.5090688,10.1698167,https://www.pilegrimsleden.no/interessepunkter/gildesvollen-pilegrimsherberge
Gudbrandsdalsleden,Gjesteheim Havdal,Vandrerhjem,62.7641548,9.9697226,https://www.pilegrimsleden.no/interessepunkter/havdal-gjesteheim
Gudbrandsdalsleden,Gjesvold Gård,Pilegrimsherberge | Rom og hytter | Teltplass,60.0736304,10.2792994,https://www.pilegrimsleden.no/interessepunkter/gjesvold-gard
Gudbrandsdalsleden,Gjøvik Vandrerhjem Hovdetun,Pilegrimsherberge | Vandrerhjem | Rom og hytter,60.7976461,10.6716295,https://www.pilegrimsleden.no/interessepunkter/gjovik-vandrerhjem-hovdetun
Gudbrandsdalsleden,Granmo Camping,Campingplass | Rom og hytter | Teltplass,62.5478528,9.6287959,https://www.pilegrimsleden.no/interessepunkter/granmo-camping
Gudbrandsdalsleden,Gumdal gård,Pilegrimsherberge,63.1764144,9.7727062,https://www.pilegrimsleden.no/interessepunkter/gumdal
Gudbrandsdalsleden,Guriberget,Gapahuk,62.6249186,9.7557765,https://www.pilegrimsleden.no/interessepunkter/guriberget
Gudbrandsdalsleden,Hageseter Turisthytte,Vandrerhjem | Rom og hytter | Teltplass,62.1957542,9.5476985,https://www.pilegrimsleden.no/interessepunkter/hageseter-turisthytte
Gudbrandsdalsleden,Hagevandring Nordre Toten,Pilegrimsherberge | Teltplass,60.7469020,10.7617495,https://www.pilegrimsleden.no/interessepunkter/hagevandring-nordre-toten
Gudbrandsdalsleden,Haug pilegrimsrast og herberge,Rom og hytter | Teltplass,60.3406255,11.2885350,https://www.pilegrimsleden.no/interessepunkter/haug-pilegrimsrast-og-herberge
Gudbrandsdalsleden,Heimtun Camping. Hytter og teltplass,Rom og hytter | Teltplass,61.5504400,10.0484400,https://www.pilegrimsleden.no/interessepunkter/heimtun-camping-hytter-og-teltplass
Gudbrandsdalsleden,Hekshusstranda Camping,Campingplass | Rom og hytter | Teltplass | Rasteplass,60.7225580,10.8500830,https://www.pilegrimsleden.no/interessepunkter/hekshusstranda-camping
Gudbrandsdalsleden,Helgaker Gård,Rom og hytter,60.3791087,10.5349635,https://www.pilegrimsleden.no/interessepunkter/helgaker-gard
Gudbrandsdalsleden,Hjerkinn Fjellstue & Fjellridning,Rom og hytter | Teltplass,62.2221464,9.5765378,https://www.pilegrimsleden.no/interessepunkter/hjerkinn-fjellstue-fjellridning
Gudbrandsdalsleden,Hoff Gjestgiveri,Pilegrimsherberge,60.6826990,10.8429160,https://www.pilegrimsleden.no/interessepunkter/hoff-gjestgiveri
Gudbrandsdalsleden,Hoffsvangen Bygdestue,Pilegrimsherberge | Vandrerhjem | Teltplass | Rasteplass,60.6850324,10.8435928,https://www.pilegrimsleden.no/interessepunkter/hoffsvangen
Gudbrandsdalsleden,Hos Margit,Pilegrimsherberge,61.5413047,10.1250091,https://www.pilegrimsleden.no/interessepunkter/hos-margit-herberge-ovenfor-ringebu-sentrum
Gudbrandsdalsleden,Huset i skogen,Rom og hytter,60.4700223,10.5752249,https://www.pilegrimsleden.no/interessepunkter/huset-i-skogen
Gudbrandsdalsleden,Husmannsstuggua,Pilegrimsherberge | Rom og hytter | Teltplass,60.9517894,10.6111379,https://www.pilegrimsleden.no/interessepunkter/husmannstugua
Gudbrandsdalsleden,Hytte på Gørdammen,Rom og hytter | Gapahuk,60.6638918,11.1756588,https://www.pilegrimsleden.no/interessepunkter/gordammen-hytte-og-gapahuk
Gudbrandsdalsleden,Hæverstølen,Pilegrimsherberge | Rom og hytter,62.7431515,9.9542422,https://www.pilegrimsleden.no/interessepunkter/haeverstolen
Gudbrandsdalsleden,IMI Stølen,Vandrerhjem | Rom og hytter | Teltplass,62.6117061,9.7374596,https://www.pilegrimsleden.no/interessepunkter/imi-stolen
Gudbrandsdalsleden,Indal Forest Retreat,Rom og hytter | Teltplass,60.8807748,10.6618528,https://www.pilegrimsleden.no/interessepunkter/indal-forest-retreat
Gudbrandsdalsleden,Ingeborg Refling Hagens kulturhus Fredheim,Pilegrimsherberge,60.6212118,11.2524471,https://www.pilegrimsleden.no/interessepunkter/fredheim
Gudbrandsdalsleden,InnomHaug pilegrimsherberge,Teltplass,60.1469858,11.1421577,https://www.pilegrimsleden.no/interessepunkter/innomhaug
Gudbrandsdalsleden,Jomfruburet & Drengstua,Pilegrimsherberge | Rom og hytter,60.3656170,10.5367932,https://www.pilegrimsleden.no/interessepunkter/jomfruburet-drengstua
Gudbrandsdalsleden,Jonsgård Seng & Frokost,Pilegrimsherberge,61.5309200,10.1388410,https://www.pilegrimsleden.no/interessepunkter/jonsgard-seng-frokost
Gudbrandsdalsleden,Jørundgard Viking- og Middelaldersenter,Rom og hytter,61.8454800,9.4346100,https://www.pilegrimsleden.no/interessepunkter/jorundgard-middelaldersenter
Gudbrandsdalsleden,Kaldor Gård - overnatting og utsikt i Hafjell,Pilegrimsherberge,61.2344600,10.4614600,https://www.pilegrimsleden.no/interessepunkter/kaldor-gard-overnatting-og-utsikt-i-hafjell
Gudbrandsdalsleden,Killi Pensjonat tilbyr overnatting i Otta sentrum,Pilegrimsherberge,61.7719774,9.5249291,https://www.pilegrimsleden.no/interessepunkter/killi-pensjonat-tilbyr-overnatting-i-otta-sentrum
Gudbrandsdalsleden,Kirketeigen Rom og Camping,Pilegrimsherberge | Campingplass,61.6665700,9.6938040,https://www.pilegrimsleden.no/interessepunkter/kirketeigen-rom-og-camping
Gudbrandsdalsleden,Kleivstua hotell,Vandrerhjem | Rom og hytter,60.0468680,10.3221490,https://www.pilegrimsleden.no/interessepunkter/kleivstua-hotell
Gudbrandsdalsleden,Klokkargården Halstad,Pilegrimsherberge,61.5058856,10.1774168,https://www.pilegrimsleden.no/interessepunkter/klokkargarden-halstad
Gudbrandsdalsleden,Kongsvold Fjeldstue,Pilegrimsherberge,62.3034011,9.6057522,https://www.pilegrimsleden.no/interessepunkter/kongsvold-fjeldstue
Gudbrandsdalsleden,Konstadtunet,Pilegrimsherberge,63.2298010,10.1265059,https://www.pilegrimsleden.no/interessepunkter/konstadtunet
Gudbrandsdalsleden,Kronprinsens utsikt,Gapahuk | Rasteplass,60.0532534,10.3231487,https://www.pilegrimsleden.no/interessepunkter/kronprinsens-utsikt
Gudbrandsdalsleden,Kveldsro ved Fløyta,Pilegrimsherberge | Rom og hytter,60.4214572,11.2844075,https://www.pilegrimsleden.no/interessepunkter/kveldsro-ved-floyta
Gudbrandsdalsleden,Langklopp Fjellgård,Vandrerhjem,62.7268177,9.9358174,https://www.pilegrimsleden.no/interessepunkter/langklopp-fjellgard
Gudbrandsdalsleden,Langøyene camping,Teltplass,59.8712779,10.7156181,https://www.pilegrimsleden.no/interessepunkter/langoyene-camping
Gudbrandsdalsleden,Lavo og utedo ved Stormyra,Gapahuk,63.2760723,10.1065542,https://www.pilegrimsleden.no/interessepunkter/lavo-og-utedo-ved-stormyra
Gudbrandsdalsleden,Lerfald gård,Pilegrimsherberge,63.3451867,10.2539145,https://www.pilegrimsleden.no/interessepunkter/lerfald-gard
Gudbrandsdalsleden,Lian Gård Pilegrimsherberge,Pilegrimsherberge,63.4026594,10.3098965,https://www.pilegrimsleden.no/interessepunkter/lian-gard
Gudbrandsdalsleden,Lillehammer Vandrerhjem Stasjonen,Vandrerhjem,61.1146500,10.4614950,https://www.pilegrimsleden.no/interessepunkter/lillehammer-vandrerhjem-stasjonen
Gudbrandsdalsleden,Ljoshaugen camping,Campingplass,62.0707621,9.1316986,https://www.pilegrimsleden.no/interessepunkter/ljoshaugen-camping
Gudbrandsdalsleden,Lygnasæter,Rom og hytter,60.4550924,10.6444572,https://www.pilegrimsleden.no/interessepunkter/lygnasaeter-hotel
Gudbrandsdalsleden,Lysjøhimet,Rom og hytter,60.4573308,11.2933901,https://www.pilegrimsleden.no/interessepunkter/lysjohimet
Gudbrandsdalsleden,Mageli Camping og Hytter,Campingplass,61.3669040,10.2833430,https://www.pilegrimsleden.no/interessepunkter/mageli-camping-og-hytter
Gudbrandsdalsleden,Majer Gård,Pilegrimsherberge | Rom og hytter,60.6609649,10.8388936,https://www.pilegrimsleden.no/interessepunkter/majer-gard
Gudbrandsdalsleden,Majors-Alm Gård,Pilegrimsherberge | Teltplass,60.3875078,10.5189660,https://www.pilegrimsleden.no/interessepunkter/steinkjelleren
Gudbrandsdalsleden,Meslo Herberge,Pilegrimsherberge,62.8476947,9.8826163,https://www.pilegrimsleden.no/interessepunkter/meslo-herberge
Gudbrandsdalsleden,Mjuklia - overnatting på Berkåk,Vandrerhjem,62.8342780,10.0009920,https://www.pilegrimsleden.no/interessepunkter/mjuklia-overnatting-i-rennebu
Gudbrandsdalsleden,Mjøsli - glamping eller hytter,Rom og hytter,60.4977427,11.2544911,https://www.pilegrimsleden.no/interessepunkter/mjosli-glamping-eller-hytter
Gudbrandsdalsleden,Myhrer gård,Campingplass | Teltplass,60.0089063,11.1136062,https://www.pilegrimsleden.no/interessepunkter/myhrer-gard
Gudbrandsdalsleden,Ner-Grefstad gard,Pilegrimsherberge,63.0465912,9.7109163,https://www.pilegrimsleden.no/interessepunkter/ner-grefstad-gard
Gudbrandsdalsleden,Nermo Herberge - idyllisk herberge tilknyttet Nermo Hotell i Øyer,Pilegrimsherberge,61.2441965,10.4577559,https://www.pilegrimsleden.no/interessepunkter/nermo-herberge-idyllisk-herberge-tilknyttet-nermo-hotell-i-oyer
Gudbrandsdalsleden,Nordre Helgaker Gård,Pilegrimsherberge | Rom og hytter | Teltplass,60.3798709,10.5356257,https://www.pilegrimsleden.no/interessepunkter/nordre-helgaker-gard
Gudbrandsdalsleden,Nordrum Gård,Pilegrimsherberge,61.4540748,10.2139943,https://www.pilegrimsleden.no/interessepunkter/nordrum-gard
Gudbrandsdalsleden,Nørgar Voll,Pilegrimsherberge,62.8719012,9.8428057,https://www.pilegrimsleden.no/interessepunkter/norgar-voll
Gudbrandsdalsleden,Odin Camping,Campingplass | Rom og hytter | Teltplass,60.0953436,10.1838112,https://www.pilegrimsleden.no/interessepunkter/camping-med-bademuligheter-ved-tyrifjorden
Gudbrandsdalsleden,Olskastet,Pilegrimsherberge | Rom og hytter,63.0779090,9.6955974,https://www.pilegrimsleden.no/interessepunkter/olskastet
Gudbrandsdalsleden,Onsakervika Camping,Campingplass | Rom og hytter | Teltplass,60.0945694,10.1806443,https://www.pilegrimsleden.no/interessepunkter/onsakervika-camping
Gudbrandsdalsleden,Oppdalsporten,Pilegrimsherberge | Teltplass,62.6570070,9.8811290,https://www.pilegrimsleden.no/interessepunkter/oppdalsporten
Gudbrandsdalsleden,Orkla Gjestebolig,Pilegrimsherberge,63.1247456,9.7031509,https://www.pilegrimsleden.no/interessepunkter/orkla-gjestebolig
Gudbrandsdalsleden,Oslo Vandrerhjem Haraldsheim,Pilegrimsherberge,59.9410840,10.7888320,https://www.pilegrimsleden.no/interessepunkter/oslo-vandrerhjem-haraldsheim
Gudbrandsdalsleden,Pilegrimsbua ved Granerud,Gapahuk | Pilegrimsbu,60.4832465,11.3158076,https://www.pilegrimsleden.no/interessepunkter/pilegrimsbu
Gudbrandsdalsleden,Pilegrimssenter Dale-Gudbrand,Pilegrimsherberge,61.5485334,9.9665523,https://www.pilegrimsleden.no/interessepunkter/pilegrimssenter-dale-gudbrands-gard
Gudbrandsdalsleden,Pilegrimssenter Granavollen,Teltplass | Rasteplass,60.3673312,10.5283785,https://www.pilegrimsleden.no/interessepunkter/pilegrimssenter-granavollen
Gudbrandsdalsleden,Plassastoggo,Rom og hytter | Teltplass,62.5309052,9.6283373,https://www.pilegrimsleden.no/interessepunkter/plasstoggo
Gudbrandsdalsleden,Rastebu Falang Bru,Rasteplass,60.3411174,10.4593363,https://www.pilegrimsleden.no/interessepunkter/rastebu-falang-bru
Gudbrandsdalsleden,Rastebu Granavollen,Rasteplass,60.3674628,10.5286081,https://www.pilegrimsleden.no/interessepunkter/rastebu-granavollen
Gudbrandsdalsleden,Rastebu Høgkorset,Rasteplass,60.4725788,10.5811386,https://www.pilegrimsleden.no/interessepunkter/rastebu-hogkorset
Gudbrandsdalsleden,Rastebu Kjølvegen,Rasteplass,60.4526130,10.5490723,https://www.pilegrimsleden.no/interessepunkter/rastebu-kjolvegen
Gudbrandsdalsleden,Rastebu Sognstoppen,Rasteplass,60.3067670,10.4197383,https://www.pilegrimsleden.no/interessepunkter/rastebu-sognstoppen
Gudbrandsdalsleden,Risebru Pilegrimsherberge,Pilegrimsherberge,60.2377458,11.1701499,https://www.pilegrimsleden.no/interessepunkter/risebru-pilegrimsherberge
Gudbrandsdalsleden,Rudsødegården,Pilegrimsherberge | Rom og hytter,60.3289852,10.4560345,https://www.pilegrimsleden.no/interessepunkter/rudsodegarden
Gudbrandsdalsleden,Ry Gjestegård,Rom og hytter | Teltplass,62.9226962,9.7901916,https://www.pilegrimsleden.no/interessepunkter/ry-herberge
Gudbrandsdalsleden,Ryphusan,Pilegrimsherberge | Rom og hytter | Teltplass,62.4209662,9.7025165,https://www.pilegrimsleden.no/interessepunkter/ryphusan
Gudbrandsdalsleden,Sandbakken Camping - STENGT 2023,Rom og hytter,61.8593370,9.4064000,https://www.pilegrimsleden.no/interessepunkter/sandbakken-camping
Gudbrandsdalsleden,Segard Hoel,Pilegrimsherberge | Vandrerhjem,62.9913974,9.7654720,https://www.pilegrimsleden.no/interessepunkter/segard-hoel
Gudbrandsdalsleden,Skaun menighetshus,Pilegrimsherberge,63.2505676,10.0524452,https://www.pilegrimsleden.no/interessepunkter/skaun-menighetshus
Gudbrandsdalsleden,Skogheim Pilegrimsherberge,Vandrerhjem,63.0880382,9.6976233,https://www.pilegrimsleden.no/interessepunkter/skogheim-pilegrimsherberge
Gudbrandsdalsleden,Skomakerstua,Rom og hytter | Teltplass | Rasteplass,60.0883732,10.2026188,https://www.pilegrimsleden.no/interessepunkter/skomakerstuen-1
Gudbrandsdalsleden,Skysstasjonen Høgkorsplassen,Pilegrimsherberge | Rom og hytter | Teltplass,60.4947611,10.5966909,https://www.pilegrimsleden.no/interessepunkter/skysstasjonen-hogkorsplassen
Gudbrandsdalsleden,Slettum Gård,Pilegrimsherberge,60.8765748,10.6860048,https://www.pilegrimsleden.no/interessepunkter/slettum-gard
Gudbrandsdalsleden,Sløvika Camping,Pilegrimsherberge | Campingplass | Rom og hytter | Teltplass,60.2844034,10.4101311,https://www.pilegrimsleden.no/interessepunkter/slovika-camping
Gudbrandsdalsleden,Smegarden Camping,Campingplass | Rom og hytter | Teltplass,62.5342769,9.6247091,https://www.pilegrimsleden.no/interessepunkter/smegarden-camping
Gudbrandsdalsleden,Snøhetta Camping,Campingplass | Rom og hytter | Teltplass,62.2205812,9.5494045,https://www.pilegrimsleden.no/interessepunkter/snohetta-camping
Gudbrandsdalsleden,Solvang overnatting,Pilegrimsherberge | Teltplass,60.3694601,11.2789336,https://www.pilegrimsleden.no/interessepunkter/solvang-herberge
Gudbrandsdalsleden,Spitalen gamle skolehus - vertskap Sannfredstun,Teltplass,60.4954632,11.3188569,https://www.pilegrimsleden.no/interessepunkter/retreat-og-herberge-i-spitalen-sondre
Gudbrandsdalsleden,Stabburet på Skjefstad,Pilegrimsherberge,63.3448022,10.2859765,https://www.pilegrimsleden.no/interessepunkter/stabburdet-pa-skjefstad
Gudbrandsdalsleden,Stall Lisletta,Rom og hytter | Teltplass,60.1481275,10.2923870,https://www.pilegrimsleden.no/interessepunkter/stall-lisletta
Gudbrandsdalsleden,Steinvik Camping,Rom og hytter | Teltplass,60.9158586,10.7003821,https://www.pilegrimsleden.no/interessepunkter/steinvik-camping-og-hyttegrend
Gudbrandsdalsleden,Stensveen,Pilegrimsherberge | Rom og hytter | Teltplass,60.7161903,10.8607610,https://www.pilegrimsleden.no/interessepunkter/stensveen
Gudbrandsdalsleden,Stokke Nedre,Rom og hytter,60.8862349,10.6767511,https://www.pilegrimsleden.no/interessepunkter/stokke-nedre
Gudbrandsdalsleden,Strandheimen Gjestehus,Pilegrimsherberge,63.3256020,10.2143190,https://www.pilegrimsleden.no/interessepunkter/strandheimen-pilegrimsovernatting
Gudbrandsdalsleden,"Stugguhaugen, Fagerhaug",Pilegrimsherberge | Rom og hytter,62.6586943,9.8846054,https://www.pilegrimsleden.no/interessepunkter/stabbur-i-oppdal-sentrum
Gudbrandsdalsleden,Støslia - Outdoor shelter,Gapahuk,61.6179930,9.7463869,https://www.pilegrimsleden.no/interessepunkter/stoslia-outdoor-shelter
Gudbrandsdalsleden,Sveastranda Camping,Campingplass | Rom og hytter | Teltplass,60.8889320,10.6756640,https://www.pilegrimsleden.no/interessepunkter/sveastranda-camping
Gudbrandsdalsleden,Sveen gård (Airbnb),Pilegrimsherberge,60.7615625,11.0810623,https://www.pilegrimsleden.no/interessepunkter/sveen-gard
Gudbrandsdalsleden,Sveinhaug gård,Pilegrimsherberge,60.9018402,10.7357290,https://www.pilegrimsleden.no/interessepunkter/sveinhaug-gard
Gudbrandsdalsleden,Svorkmo skytterhus,Pilegrimsherberge | Vandrerhjem | Rasteplass,63.1817883,9.7981125,https://www.pilegrimsleden.no/interessepunkter/svorkmo-skytterhus
Gudbrandsdalsleden,Sygard Grytting - middelalderloft,Pilegrimsherberge,61.5759382,9.8924360,https://www.pilegrimsleden.no/interessepunkter/sygard-grytting-middelalderloft
Gudbrandsdalsleden,Sæteren Gård,Rom og hytter,59.9479400,10.5621640,https://www.pilegrimsleden.no/interessepunkter/saeteren-gard
Gudbrandsdalsleden,Sætrangsgata 37,Pilegrimsherberge,60.1602497,10.2993469,https://www.pilegrimsleden.no/interessepunkter/saetrangsgata-37
Gudbrandsdalsleden,Tangenodden Camping,Campingplass | Rom og hytter | Teltplass,60.6139315,11.2608196,https://www.pilegrimsleden.no/interessepunkter/tangenodden-camping
Gudbrandsdalsleden,"Tankeplass - ""Hovudet, Klokkeporten og Falkesteinen""",Gapahuk,61.4933252,10.1810386,https://www.pilegrimsleden.no/interessepunkter/tankeplass-room-for-reflection-hogkleiva
Gudbrandsdalsleden,Teltplass,Teltplass,60.4622570,10.5738482,https://www.pilegrimsleden.no/interessepunkter/lavvoplass
Gudbrandsdalsleden,Toftemo Turiststasjon,Rom og hytter | Teltplass,61.9994920,9.2209140,https://www.pilegrimsleden.no/interessepunkter/toftemo-turiststasjon
Gudbrandsdalsleden,Ullereng gård pilegrimsherberge,Rom og hytter | Teltplass,59.9992729,11.0822464,https://www.pilegrimsleden.no/interessepunkter/ullereng-gard-pilegrimsherberge
Gudbrandsdalsleden,Varphaugen Gård,Campingplass,61.7079031,9.5521787,https://www.pilegrimsleden.no/interessepunkter/varphaugen-gard
Gudbrandsdalsleden,Vekve hyttetun,Rom og hytter,62.5965253,9.6900994,https://www.pilegrimsleden.no/interessepunkter/vekve-hyttetun
Gudbrandsdalsleden,Vollheim camping og hytter,Campingplass | Rom og hytter | Teltplass,61.9186080,9.3582674,https://www.pilegrimsleden.no/interessepunkter/vollheim-camping-og-hytter
Gudbrandsdalsleden,Østre Aker pilegrimsherberge,Pilegrimsherberge,59.9221295,10.8198166,https://www.pilegrimsleden.no/interessepunkter/ostre-aker-herberge
Gudbrandsdalsleden,Øvergaard i Lillehammer tilbyr overnatting i sentrum for pilegrimer,Vandrerhjem,61.1159737,10.4709911,https://www.pilegrimsleden.no/interessepunkter/overgaard-i-lillehammer-tilbyr-overnatting-i-sentrum-for-pilegrimer
Gudbrandsdalsleden,ØYGARDEN PILEGRIMSHERBERGE,Pilegrimsherberge,61.8393520,9.4086146,https://www.pilegrimsleden.no/interessepunkter/oygarden-pilegrimsherberge
Gudbrandsdalsleden,Øysand Camping,Campingplass,63.3270960,10.2133370,https://www.pilegrimsleden.no/interessepunkter/oysand-camping
Kystpilegrimsleia,Austrått camping og motell,Rom og hytter | Teltplass,63.6994677,9.7429580,https://www.pilegrimsleden.no/interessepunkter/austratt-camping-og-motell
Kystpilegrimsleia,Badestranda Leiren,Gapahuk,61.4978201,5.1358545,https://www.pilegrimsleden.no/interessepunkter/badestranda-leiren
Kystpilegrimsleia,Birkeland Camping,Campingplass,61.1717892,5.3509159,https://www.pilegrimsleden.no/interessepunkter/birkeland-camping
Kystpilegrimsleia,Blåheia,Gapahuk,63.5971042,9.8966217,https://www.pilegrimsleden.no/interessepunkter/blaheia
Kystpilegrimsleia,Borg sommerhotell og camping,Vandrerhjem,62.4330215,6.3935384,https://www.pilegrimsleden.no/interessepunkter/borg-sommerhotell
Kystpilegrimsleia,Borgstua på Kvernes Prestegård,Pilegrimsherberge,63.0057637,7.7235611,https://www.pilegrimsleden.no/interessepunkter/borgstua-pa-kvernes-prestegard
Kystpilegrimsleia,Brekkegarden pilegrimsherberge,Pilegrimsherberge,62.2533151,5.5850209,https://www.pilegrimsleden.no/interessepunkter/brekkegarden-pilegrimsherberge
Kystpilegrimsleia,Dagsturhytta Gulakvila,Gapahuk | Dagsturhytte,60.9838664,5.0666969,https://www.pilegrimsleden.no/interessepunkter/dagsturhytta-gulakvila
Kystpilegrimsleia,Dagsturhytta Havglimt,Gapahuk | Dagsturhytte,62.1022702,5.3383185,https://www.pilegrimsleden.no/interessepunkter/dagsturhytta-havglimt
Kystpilegrimsleia,Dagsturhytta Sørefjordhytta,Gapahuk | Dagsturhytte,61.1843165,5.3427748,https://www.pilegrimsleden.no/interessepunkter/dagsturhytta-sorefjordhytta
Kystpilegrimsleia,Eco Camp Norway på Smøla,Pilegrimsherberge | Vandrerhjem,63.3276488,8.0529468,https://www.pilegrimsleden.no/interessepunkter/pilegrimsherberge-pa-smola
Kystpilegrimsleia,Fjøsen Bed & make your own breakfast,Rom og hytter,62.6573691,7.3728435,https://www.pilegrimsleden.no/interessepunkter/sekken-bed-make-your-own-breakfast
Kystpilegrimsleia,Friluftsfyret Kvassheim,Pilegrimsherberge,58.5440423,5.6816364,https://www.pilegrimsleden.no/interessepunkter/friluftsfyret-kvassheim
Kystpilegrimsleia,Fru Ingas Apartments,Rorbu,62.1237318,5.3131256,https://www.pilegrimsleden.no/interessepunkter/fru-ingas-apartments
Kystpilegrimsleia,Fyrvokterboligen ved Sula Fyr,Pilegrimsherberge,63.8480640,8.4537920,https://www.pilegrimsleden.no/interessepunkter/fyrvokterboligen-pa-sula
Kystpilegrimsleia,Gapahuk Aksla,Gapahuk,62.4744002,6.2064004,https://www.pilegrimsleden.no/interessepunkter/gapahuk-aksla
Kystpilegrimsleia,Gapahuk i Fagerdalen,Gapahuk,63.6131966,9.8531485,https://www.pilegrimsleden.no/interessepunkter/gapahuk-i-fagerdalen
Kystpilegrimsleia,Gapahuk på Kvernes,Gapahuk,63.0080037,7.7164520,https://www.pilegrimsleden.no/interessepunkter/gapahuk-pa-kvernes
Kystpilegrimsleia,Gapahuken på Rosvollhaugen,Gapahuk,63.3074055,8.0120373,https://www.pilegrimsleden.no/interessepunkter/gapahuken-pa-rosvollhaugen
Kystpilegrimsleia,Gjertrudstua,Rom og hytter,63.5804899,9.9561704,https://www.pilegrimsleden.no/interessepunkter/gjertrudstua
Kystpilegrimsleia,Gjestegården Halsnøy,Rom og hytter,59.7940744,5.7095446,https://www.pilegrimsleden.no/interessepunkter/gjestegarden-halsnoy
Kystpilegrimsleia,Hatlems Hytter,Rom og hytter,61.1501971,5.1780851,https://www.pilegrimsleden.no/interessepunkter/hatlems-hytter
Kystpilegrimsleia,Hoddevik strandcamping,Campingplass,62.1277389,5.1629276,https://www.pilegrimsleden.no/interessepunkter/hoddevik-strandcamping
Kystpilegrimsleia,Huset ved havet,Pilegrimsherberge,58.6135920,5.6175515,https://www.pilegrimsleden.no/interessepunkter/huset-ved-havet
Kystpilegrimsleia,Jetmund Gjesteheim,Vandrerhjem,62.0389756,5.5217335,https://www.pilegrimsleden.no/interessepunkter/jetmund-gjesteheim
Kystpilegrimsleia,Kinn Gjestehus,Pilegrimsherberge,61.5664609,4.7650116,https://www.pilegrimsleden.no/interessepunkter/kinn-gjestehus
Kystpilegrimsleia,Kinn Skulehus,Pilegrimsherberge,61.5656813,4.7674281,https://www.pilegrimsleden.no/interessepunkter/kinn-skulehus
Kystpilegrimsleia,Kjeldsund leirstad og gjestegard,Pilegrimsherberge | Rom og hytter | Gapahuk | Rasteplass,62.2723994,5.8258360,https://www.pilegrimsleden.no/interessepunkter/kjeldsund-pilegrimsherberge-og-leirstad
Kystpilegrimsleia,Kråen Gard,Pilegrimsherberge | Glamping,62.2227180,5.5412259,https://www.pilegrimsleden.no/interessepunkter/kraen-gard-gardsherberge
Kystpilegrimsleia,Kvernes på Averøy | Nøkkelsted,Pilegrimsherberge,63.0054590,7.7218786,https://www.pilegrimsleden.no/interessepunkter/kvernes-pa-averoy
Kystpilegrimsleia,Kvile- og lesebu i Moltudalen,Gapahuk | Dagsturhytte,62.2792839,5.6271238,https://www.pilegrimsleden.no/interessepunkter/kvile-og-lesebu-i-moltudalen
Kystpilegrimsleia,Kviltorp camping - Molde,Campingplass,62.7424209,7.2335036,https://www.pilegrimsleden.no/interessepunkter/kviltorp-camping-molde
Kystpilegrimsleia,Lammetun ferie og fritid,Campingplass,61.2722307,4.9482290,https://www.pilegrimsleden.no/interessepunkter/lammetun-ferie-og-fritid
Kystpilegrimsleia,Lanternen hytte og bobilplass,Rom og hytter,62.3136849,5.7074205,https://www.pilegrimsleden.no/interessepunkter/lanternen-hytte-og-bobilplass
Kystpilegrimsleia,Magnusgarden,Pilegrimsherberge,60.6927608,5.1092212,https://www.pilegrimsleden.no/interessepunkter/magnusgarden
Kystpilegrimsleia,Olsens Pensjonat & Gjestehus,Rom og hytter,63.5189518,7.9531674,https://www.pilegrimsleden.no/interessepunkter/olsens-pensjonat-gjestehus
Kystpilegrimsleia,Overnatting i stabbur med fire sengeplasser på Karmøy,Pilegrimsherberge,59.3805140,5.2371622,https://www.pilegrimsleden.no/interessepunkter/historisk-stabbur-pa-karmoy
Kystpilegrimsleia,Pilegrimsherberge i Selje prestegard,Pilegrimsherberge,62.0445246,5.3455867,https://www.pilegrimsleden.no/interessepunkter/pilegrimsherberge-i-selje-prestegard
Kystpilegrimsleia,Pilegrimsherberge på Svanøy hovedgård,Pilegrimsherberge,61.4934509,5.1319142,https://www.pilegrimsleden.no/interessepunkter/pilegrimsherberge-pa-svanoy-hovedgard
Kystpilegrimsleia,Reveparken hytteutleige - overnatting direkte ved Jærstrendene,Pilegrimsherberge,58.7680291,5.5125448,https://www.pilegrimsleden.no/interessepunkter/velkommen-til-overnatting-ved-jaerstrendene
Kystpilegrimsleia,Selje camp og hyttesenter,Campingplass,62.0410156,5.3563981,https://www.pilegrimsleden.no/interessepunkter/selje-camp-og-hyttesenter
Kystpilegrimsleia,Seljebuda,Pilegrimsherberge,62.0457947,5.3430192,https://www.pilegrimsleden.no/interessepunkter/seljebuda
Kystpilegrimsleia,Sjøglytt,Gapahuk | Dagsturhytte,62.0448474,5.3566106,https://www.pilegrimsleden.no/interessepunkter/sjoglytt
Kystpilegrimsleia,Steinvik camping,Campingplass,61.9174036,5.1340528,https://www.pilegrimsleden.no/interessepunkter/steinvik-camping
Kystpilegrimsleia,Sula havglamping,Pilegrimsherberge | Glamping,63.8429407,8.4470407,https://www.pilegrimsleden.no/interessepunkter/sula-havglamping
Kystpilegrimsleia,Sætren Rorbuer,Pilegrimsherberge,62.0440852,5.3432702,https://www.pilegrimsleden.no/interessepunkter/saetren-rorbuer
Kystpilegrimsleia,Telegrafen - Moster Amfi,Pilegrimsherberge,59.7020599,5.3826386,https://www.pilegrimsleden.no/interessepunkter/telegrafen-moster-amfi
Kystpilegrimsleia,Tunheimsfjøra logde,Rorbu,62.0843660,5.5781138,https://www.pilegrimsleden.no/interessepunkter/tunheimsfjora-logde
Kystpilegrimsleia,Årnseth Gapahuk,Gapahuk,63.5948164,9.9625289,https://www.pilegrimsleden.no/interessepunkter/arnseth-gapahuk
Nordleden,Scandic Stiklestad Hotell,Pilegrimsherberge,63.7959568,11.5625599,https://www.pilegrimsleden.no/interessepunkter/stiklestad-nasjonale-kultursenter-stiklestad-hotel
Nordleden,Stiklestad Camping,Rom og hytter | Teltplass,63.7739444,11.5785734,https://www.pilegrimsleden.no/interessepunkter/stiklestad-camping
Romboleden,Balstad pensjonat,Pilegrimsherberge | Vandrerhjem,63.2639573,10.9732818,https://www.pilegrimsleden.no/interessepunkter/balstad-pensjonat
Romboleden,Bekken Pilegrimsherberge,Pilegrimsherberge,63.1916389,11.1540869,https://www.pilegrimsleden.no/interessepunkter/bekken-pilegrimsherberge
Romboleden,Erikbu,Gapahuk,63.3817267,10.7357765,https://www.pilegrimsleden.no/interessepunkter/eriksbu
Romboleden,Jensgarden,Vandrerhjem,63.0617141,11.4537382,https://www.pilegrimsleden.no/interessepunkter/jensgarden
Romboleden,Moheim camping,Rom og hytter,62.9148442,11.8905660,https://www.pilegrimsleden.no/interessepunkter/moheim-camping
Romboleden,Neatun,Vandrerhjem,63.0314758,11.6767263,https://www.pilegrimsleden.no/interessepunkter/neatun
Romboleden,Rumi Hostel - Trondheim Vandrerhjem,Pilegrimsherberge,63.4337714,10.4245614,https://www.pilegrimsleden.no/interessepunkter/rumi-hostel-trondheim-vandrerhjem
Romboleden,Storsand Gård Camping,Teltplass,63.4322046,10.7085925,https://www.pilegrimsleden.no/interessepunkter/storsand-camping
Romboleden,Trøen gård,Pilegrimsherberge,63.0551441,11.5631962,https://www.pilegrimsleden.no/interessepunkter/troen-gard
St. Olavsleden,Andrum för pilgrim,Rom og hytter,63.4018480,13.0731494,https://www.pilegrimsleden.no/interessepunkter/andrum-for-pilgrim
St. Olavsleden,Auskin Kreative Senter,Pilegrimsherberge | Rom og hytter,63.7781270,11.7129774,https://www.pilegrimsleden.no/interessepunkter/auskin-kreative-senter
St. Olavsleden,Austnes Gård og Camping,Campingplass | Rom og hytter,63.7735181,11.7302590,https://www.pilegrimsleden.no/interessepunkter/ostnes-gard
St. Olavsleden,Backs semesterby,Rom og hytter,63.3956880,12.8642350,https://www.pilegrimsleden.no/interessepunkter/duvedsbyn-backs-semesterby
St. Olavsleden,Boda borg,Pilegrimsherberge,62.4593560,16.3739880,https://www.pilegrimsleden.no/interessepunkter/boda-borg
St. Olavsleden,Borgsjö Hembygdsgård,Pilegrimsherberge,62.5416192,15.9018517,https://www.pilegrimsleden.no/interessepunkter/borgsjo-hembygdsgard
St. Olavsleden,Borås gård,Pilegrimsherberge,63.5367624,11.0567195,https://www.pilegrimsleden.no/interessepunkter/boras-gard
St. Olavsleden,Bromyra Camping,Rom og hytter,62.7547495,15.4345578,https://www.pilegrimsleden.no/interessepunkter/bromyra-camping
St. Olavsleden,Camp Viking,Campingplass,62.9175777,15.2529716,https://www.pilegrimsleden.no/interessepunkter/camp-viking
St. Olavsleden,Erikbu,Gapahuk,63.3817267,10.7357765,https://www.pilegrimsleden.no/interessepunkter/eriksbu
St. Olavsleden,Ersgard Gårdshotell med pilegrimsovernatting,Pilegrimsherberge,63.4498686,11.0075248,https://www.pilegrimsleden.no/interessepunkter/ersgard
St. Olavsleden,Frosta Strandhus,Pilegrimsherberge,63.5992556,10.7061553,https://www.pilegrimsleden.no/interessepunkter/frosta-strandhus
St. Olavsleden,Frösö pilgrimscenter,Pilegrimsherberge,63.1782637,14.5206025,https://www.pilegrimsleden.no/interessepunkter/froso-pilgrimscenter
St. Olavsleden,Gapahuk Kleivdalen,Gapahuk,63.7013306,11.8957901,https://www.pilegrimsleden.no/interessepunkter/gapahuk-2
St. Olavsleden,Gapahuk på Kvilbekken,Gapahuk,63.6422773,12.1547489,https://www.pilegrimsleden.no/interessepunkter/gapahuk-pa-kvilbekken
St. Olavsleden,Gullesviken,Pilegrimsherberge,62.3754857,16.7712627,https://www.pilegrimsleden.no/interessepunkter/gullesviken
St. Olavsleden,Hedmans fjellby,Rom og hytter,63.3141509,13.2528979,https://www.pilegrimsleden.no/interessepunkter/hedmans-stugby
St. Olavsleden,Hellberg herberge,Pilegrimsherberge,63.6322739,10.8115467,https://www.pilegrimsleden.no/interessepunkter/hellberg-herberge
St. Olavsleden,Hotell Jämtkrogen,Rom og hytter,62.7541287,15.4171572,https://www.pilegrimsleden.no/interessepunkter/hotell-jamtkrogen
St. Olavsleden,Hussborgs herrgård,Pilegrimsherberge,62.4972886,16.0175548,https://www.pilegrimsleden.no/interessepunkter/hussborgs-herrgard
St. Olavsleden,Hytte ved Tännforsen,Rom og hytter,63.4423883,12.7398206,https://www.pilegrimsleden.no/interessepunkter/hytte-ved-tannforsen
St. Olavsleden,Laberget leirsted og Pilegrimshus,Pilegrimsherberge,63.7066220,11.1367035,https://www.pilegrimsleden.no/interessepunkter/laberget-leirsted-og-pilegrimshus
St. Olavsleden,Levanger Camping,Campingplass,63.7396345,11.2799534,https://www.pilegrimsleden.no/interessepunkter/moan-camping-levanger
St. Olavsleden,Lilla Äppelgården,Pilegrimsherberge,62.4106240,17.2096310,https://www.pilegrimsleden.no/interessepunkter/lilla-appelgarden
St. Olavsleden,Lillelunden Gård,Pilegrimsherberge,63.5067298,11.0759783,https://www.pilegrimsleden.no/interessepunkter/lillelunden-gard
St. Olavsleden,Liten hytte i Lunne,Teltplass,63.0833330,14.8833330,https://www.pilegrimsleden.no/interessepunkter/liten-hytte-i-lunne
St. Olavsleden,Markabygda kirkestue,Pilegrimsherberge,63.6367700,11.2735020,https://www.pilegrimsleden.no/interessepunkter/markabygda-kirkestue
St. Olavsleden,"Medstugan, Vandrarhemmet Mejeriet",Vandrerhjem,63.5196981,12.4079187,https://www.pilegrimsleden.no/interessepunkter/medstugan-vandrarhemmet-mejeriet
St. Olavsleden,Monaplassen gapahuk,Gapahuk,63.4768737,11.0316430,https://www.pilegrimsleden.no/interessepunkter/monaplassen-gapahuk
St. Olavsleden,Munkeby herberge,Pilegrimsherberge,63.7239596,11.3838302,https://www.pilegrimsleden.no/interessepunkter/munkeby-herberge
St. Olavsleden,"Oldervik herberge, Frosta",Pilegrimsherberge,63.6016862,10.7072496,https://www.pilegrimsleden.no/interessepunkter/oldervik-herberge-frosta
St. Olavsleden,Ristafallet,Campingplass,63.3125440,13.3475827,https://www.pilegrimsleden.no/interessepunkter/ristafallet
St. Olavsleden,Rombäck 611,Rom og hytter,62.4898711,16.2848596,https://www.pilegrimsleden.no/interessepunkter/romback-611
St. Olavsleden,Rumi Hostel - Trondheim Vandrerhjem,Pilegrimsherberge,63.4337714,10.4245614,https://www.pilegrimsleden.no/interessepunkter/rumi-hostel-trondheim-vandrerhjem
St. Olavsleden,Scandic Stiklestad Hotell,Pilegrimsherberge,63.7959568,11.5625599,https://www.pilegrimsleden.no/interessepunkter/stiklestad-nasjonale-kultursenter-stiklestad-hotel
St. Olavsleden,Sidsjö Hotell & Konferens,Pilegrimsherberge,62.3778557,17.2865598,https://www.pilegrimsleden.no/interessepunkter/sidsjo-hotell-konferens
St. Olavsleden,Skogset,Pilegrimsherberge,63.6636621,12.0309457,https://www.pilegrimsleden.no/interessepunkter/overnatting-for-pilegrimer
St. Olavsleden,"St. Olavs cabin, Hållsta",Rom og hytter,63.0031533,14.9520995,https://www.pilegrimsleden.no/interessepunkter/st-olavs-cabin-hallsta
St. Olavsleden,Stabbur i Stjørdal,Pilegrimsherberge,63.4706037,10.9399321,https://www.pilegrimsleden.no/interessepunkter/stabbur-i-stjordal
St. Olavsleden,Stalltjärnstugan,Rom og hytter,63.4746590,12.5594250,https://www.pilegrimsleden.no/interessepunkter/stalltjarnstugan
St. Olavsleden,Stiklestad Camping,Rom og hytter | Teltplass,63.7739444,11.5785734,https://www.pilegrimsleden.no/interessepunkter/stiklestad-camping
St. Olavsleden,Storsand Gård Camping,Teltplass,63.4322046,10.7085925,https://www.pilegrimsleden.no/interessepunkter/storsand-camping
St. Olavsleden,Stuga Storharrsjön,Rom og hytter,62.6800763,15.6079805,https://www.pilegrimsleden.no/interessepunkter/stuga-storharrsjon
St. Olavsleden,Sundsvalls ridklubb,Pilegrimsherberge,62.4128481,17.1980667,https://www.pilegrimsleden.no/interessepunkter/sundsvalls-ridklubb
St. Olavsleden,Troset Gård – overnatting for pilegrimer,Pilegrimsherberge,63.6305095,11.3234496,https://www.pilegrimsleden.no/interessepunkter/troset-overnatting-for-pilegrimer
St. Olavsleden,Träporten,Pilegrimsherberge | Rom og hytter,62.5366430,15.9193640,https://www.pilegrimsleden.no/interessepunkter/traporten
St. Olavsleden,Valberg Slektsgård,Pilegrimsherberge,63.5538542,10.6690121,https://www.pilegrimsleden.no/interessepunkter/valberg-slektsgard
St. Olavsleden,Valum Gård Pilegrimsovernatting,Rom og hytter,63.7026314,11.1328350,https://www.pilegrimsleden.no/interessepunkter/valum-gard-pilegrimsovernatting
St. Olavsleden,Ådalsvollen Pilegrimslodge,Rom og hytter,63.6642499,12.0552770,https://www.pilegrimsleden.no/interessepunkter/adalsvollen-pilgrim-lodge
St. Olavsleden,Åre Fjällsätra,Pilegrimsherberge,63.3171850,13.2371446,https://www.pilegrimsleden.no/interessepunkter/are-fjallsatra
St. Olavsleden,Øfsti Mellom,Pilegrimsherberge,63.4511383,11.0536194,https://www.pilegrimsleden.no/interessepunkter/ofsti-mellom
Tunsbergleden,Berger Gård,Pilegrimsherberge,59.8645815,10.4729558,https://www.pilegrimsleden.no/interessepunkter/berger-gard
Tunsbergleden,Borre Familie Camping,Campingplass | Teltplass,59.3783077,10.4655385,https://www.pilegrimsleden.no/interessepunkter/borre-familie-camping
Tunsbergleden,Brannåsen,Rom og hytter | Teltplass,59.5329700,10.2393100,https://www.pilegrimsleden.no/interessepunkter/brannasen
Tunsbergleden,Bunks at Rode,Pilegrimsherberge | Vandrerhjem,59.9273939,10.7668296,https://www.pilegrimsleden.no/interessepunkter/bunks-at-rode
Tunsbergleden,Engøy gjestegård,Pilegrimsherberge | Teltplass,59.1458796,10.3125662,https://www.pilegrimsleden.no/interessepunkter/engoy-gjestegard
Tunsbergleden,Fuglesang herberge,Pilegrimsherberge,59.9238617,10.6365279,https://www.pilegrimsleden.no/interessepunkter/fuglesang-herberge-2
Tunsbergleden,Gapahuk ved Solgården,Gapahuk,59.8486197,10.4462707,https://www.pilegrimsleden.no/interessepunkter/outdoor-shelter-by-solgarden
Tunsbergleden,Gapahuk ved Stordammen,Gapahuk,59.7649537,10.3759217,https://www.pilegrimsleden.no/interessepunkter/gapahuk-ved-stordammen
Tunsbergleden,Gardlaus Markastue og pilegrimsherberge,Rom og hytter,59.9338221,10.5539131,https://www.pilegrimsleden.no/interessepunkter/garlaus-markastue-og-pilegrimsherberge
Tunsbergleden,Gon Camping,Campingplass | Teltplass,59.0214358,10.0719031,https://www.pilegrimsleden.no/interessepunkter/gon-camping
Tunsbergleden,Grillhytta på Labakken,Gapahuk | Rasteplass,59.2378550,10.3995218,https://www.pilegrimsleden.no/interessepunkter/grillhytta-pa-labakken
Tunsbergleden,Hamborgstrømpaviljongen,Rom og hytter | Teltplass,59.7542118,10.1912597,https://www.pilegrimsleden.no/interessepunkter/hamborgstrompaviljongen
Tunsbergleden,Kaupang gård,Pilegrimsherberge | Teltplass,59.4545863,10.2478324,https://www.pilegrimsleden.no/interessepunkter/kaupang-gard
Tunsbergleden,Kirkebakken Borre - midlertidig stengt,Pilegrimsherberge,59.3830525,10.4599826,https://www.pilegrimsleden.no/interessepunkter/kirkebakken-borre
Tunsbergleden,Kjølholmen på Veierland,Teltplass,59.1647995,10.3601503,https://www.pilegrimsleden.no/interessepunkter/kjolholmen-pa-veierland
Tunsbergleden,Knutserød ved Borrevannet,Gapahuk | Rasteplass,59.4189000,10.4392000,https://www.pilegrimsleden.no/interessepunkter/knutserod-ved-borrevannet
Tunsbergleden,Kystledhytta Gon,Rom og hytter,59.0200560,10.0705830,https://www.pilegrimsleden.no/interessepunkter/kystledhytta-gon
Tunsbergleden,Kystledhytta Løvøysund,Rom og hytter,59.4454720,10.4550560,https://www.pilegrimsleden.no/interessepunkter/kystledhytta-lovoysund
Tunsbergleden,Kystledhytta på Langgrunn,Rom og hytter,59.3891670,10.4767220,https://www.pilegrimsleden.no/interessepunkter/kystledhytta-pa-langgrunn
Tunsbergleden,Kystledhytta Søndre Tenvik,Rom og hytter,59.1733211,10.3677163,https://www.pilegrimsleden.no/interessepunkter/kystledhytta-sondre-tenvik
Tunsbergleden,Langøyene camping,Teltplass,59.8712779,10.7156181,https://www.pilegrimsleden.no/interessepunkter/langoyene-camping
Tunsbergleden,Lavvoen Biggen,Rasteplass,59.8094600,10.3752500,https://www.pilegrimsleden.no/interessepunkter/lavvoen-biggen
Tunsbergleden,Orebergvannet lavvo ved Veseterstulen,Rasteplass,59.5465987,10.2130151,https://www.pilegrimsleden.no/interessepunkter/orebergvannet-lavvo-ved-veseterstulen
Tunsbergleden,Orrfuglstua pilegrimsherberge,Pilegrimsherberge,59.4289637,10.4461367,https://www.pilegrimsleden.no/interessepunkter/orrfuglstua-pilegrimsherberge
Tunsbergleden,Poppel pilegrimsherberge,Pilegrimsherberge,59.2778261,10.4416313,https://www.pilegrimsleden.no/interessepunkter/poppel-pilegrimsherberge
Tunsbergleden,Preståsen pilegrimsherberge,Pilegrimsherberge,59.1341390,10.2393160,https://www.pilegrimsleden.no/interessepunkter/sunny-place
Tunsbergleden,Røyken Menighetshus,Pilegrimsherberge,59.7465420,10.3882478,https://www.pilegrimsleden.no/interessepunkter/royken-menighetshus
Tunsbergleden,Sande overnatting,Pilegrimsherberge,59.5907643,10.2088204,https://www.pilegrimsleden.no/interessepunkter/sande-overnatting
Tunsbergleden,Småvannsbu,Rom og hytter | Teltplass,59.7862200,10.3764400,https://www.pilegrimsleden.no/interessepunkter/smavannsbu
Tunsbergleden,Tyristua,Rom og hytter | Teltplass,59.5351110,10.2255638,https://www.pilegrimsleden.no/interessepunkter/tyristua
Tunsbergleden,Veierland skole,Rom og hytter,59.1574859,10.3536489,https://www.pilegrimsleden.no/interessepunkter/veierland-skole
Tunsbergleden,Wentzelhytta,Rom og hytter,59.8094466,10.4196783,https://www.pilegrimsleden.no/interessepunkter/wentzelhytta
Tunsbergleden,Østre Aker pilegrimsherberge,Pilegrimsherberge,59.9221295,10.8198166,https://www.pilegrimsleden.no/interessepunkter/ostre-aker-herberge
Valldalsleden,Aaheim camping,Rom og hytter,62.2276702,8.4231037,https://www.pilegrimsleden.no/interessepunkter/aaheim-camping
Valldalsleden,Bjorliheimen hotell,Pilegrimsherberge | Vandrerhjem | Campingplass | Rom og hytter | Teltplass,62.2533484,8.2164860,https://www.pilegrimsleden.no/interessepunkter/bjorliheimen-hotell
Valldalsleden,Dombås gard,Rom og hytter,62.0726800,9.1202563,https://www.pilegrimsleden.no/interessepunkter/dombas-gard
Valldalsleden,Elvebakken Camping,Campingplass | Teltplass,62.3025138,7.2558082,https://www.pilegrimsleden.no/interessepunkter/elvebakken-camping
Valldalsleden,Gammelstuggu,Rom og hytter,62.2350940,8.3063111,https://www.pilegrimsleden.no/interessepunkter/gammelstuggu
Valldalsleden,Gudbrandsjuvet camping,Rom og hytter,62.3288582,7.4704021,https://www.pilegrimsleden.no/interessepunkter/gudbrandsjuvet-camping
Valldalsleden,Klosteret av Den Hellige Olav,Pilegrimsherberge,62.2998853,7.2951452,https://www.pilegrimsleden.no/interessepunkter/monastery-of-saint-olav
Valldalsleden,Koia - Hytte i Verma,Rom og hytter,62.2695601,8.0741358,https://www.pilegrimsleden.no/interessepunkter/koia-hytte-i-verma
Valldalsleden,Kolstad gård,Rom og hytter,62.1145350,8.8378280,https://www.pilegrimsleden.no/interessepunkter/kolstad-gard
Valldalsleden,Kvennbekkhytta (stengt),Rom og hytter,62.1923994,8.5405803,https://www.pilegrimsleden.no/interessepunkter/kvennbekkhytta
Valldalsleden,Lesja Gjestgiveri,Rom og hytter,62.1182020,8.8533729,https://www.pilegrimsleden.no/interessepunkter/lesja-gjestgiveri
Valldalsleden,Lesjaskogsvatnet camping,Rom og hytter,62.2303184,8.4064592,https://www.pilegrimsleden.no/interessepunkter/lesjaskogsvatnet-camping
Valldalsleden,Ljoshaugen camping,Campingplass,62.0707621,9.1316986,https://www.pilegrimsleden.no/interessepunkter/ljoshaugen-camping
Valldalsleden,Lorkverna,Rom og hytter,62.1200643,8.6512083,https://www.pilegrimsleden.no/interessepunkter/lorkverna
Valldalsleden,Meretes Garden,Vandrerhjem,62.3138027,7.2913170,https://www.pilegrimsleden.no/interessepunkter/meretes-garden
Valldalsleden,Midtskog camping,Campingplass | Rom og hytter | Teltplass,62.0798430,9.1229175,https://www.pilegrimsleden.no/interessepunkter/midtskog-camping
Valldalsleden,Muri hytteutleige,Rom og hytter,62.2991634,7.2549677,https://www.pilegrimsleden.no/interessepunkter/muri-hytteutleige
Valldalsleden,Sør-Einbu,Rom og hytter,62.2390944,8.3011685,https://www.pilegrimsleden.no/interessepunkter/sor-einbu
Valldalsleden,Tjønnebu,Rom og hytter,62.3211459,7.6662683,https://www.pilegrimsleden.no/interessepunkter/tjonnebu
Valldalsleden,Trolltun Hotell og Hytter,Rom og hytter,62.0775638,9.1442798,https://www.pilegrimsleden.no/interessepunkter/trolltun-gjestegard
Valldalsleden,Tynnøl Backpackers Lodge,Rom og hytter,62.1194271,8.8028384,https://www.pilegrimsleden.no/interessepunkter/tynnol-gard
Valldalsleden,Vakkerstøylen,Vandrerhjem | Rom og hytter,62.2696151,7.8359985,https://www.pilegrimsleden.no/interessepunkter/vakkerstoylen
Østerdalsleden,Barmo -hus til leie,Rom og hytter,61.7579278,11.1744449,https://www.pilegrimsleden.no/interessepunkter/barmo-hus-til-leie
Østerdalsleden,Bjerkelihytten på Aasgårvollen,Rom og hytter,62.3843455,10.8380014,https://www.pilegrimsleden.no/interessepunkter/bjerkelihytten-pa-aasgarvollen
Østerdalsleden,Camp Fredbo Trysil,Vandrerhjem,61.4391676,12.1481109,https://www.pilegrimsleden.no/interessepunkter/trysil-camp-fredbo
Østerdalsleden,Dagfinnstua på Oddheim,Rom og hytter,61.0592235,12.6021817,https://www.pilegrimsleden.no/interessepunkter/dagfinnstua-pa-oddheim-1
Østerdalsleden,Elgstua | Gjerfloen Fluefiske,Rom og hytter,61.1419977,12.4857420,https://www.pilegrimsleden.no/interessepunkter/elgstua
Østerdalsleden,Eltdalen Grendehus,Rom og hytter,61.4805181,11.9358556,https://www.pilegrimsleden.no/interessepunkter/grendahus-i-eltdalen
Østerdalsleden,Fagertun,Rom og hytter,62.2729759,10.7722322,https://www.pilegrimsleden.no/interessepunkter/fagertun
Østerdalsleden,Fiskvik Søndre - Jaktslottet.,Rom og hytter,61.6531582,11.1670376,https://www.pilegrimsleden.no/interessepunkter/fiksvik-sondre
Østerdalsleden,Fjellavvo ved Osdalssjøhøgda naturreservat,Rom og hytter,61.6028500,11.7454300,https://www.pilegrimsleden.no/interessepunkter/fjellavvo-ved-osdalssjohogda-naturreservat
Østerdalsleden,"Flenåsstua, Ol-Jons garden",Rom og hytter,61.3294466,12.2466511,https://www.pilegrimsleden.no/interessepunkter/flenasstua-ol-jons-garden
Østerdalsleden,Fluesonen | Gjerfloen fluefiske,Vandrerhjem,61.1161923,12.5383102,https://www.pilegrimsleden.no/interessepunkter/fluesonen
Østerdalsleden,Heimvollen,Rom og hytter,63.2035775,10.4363251,https://www.pilegrimsleden.no/interessepunkter/heimvollen
Østerdalsleden,Hognabua,Rom og hytter,62.6899712,10.7955641,https://www.pilegrimsleden.no/interessepunkter/hognabua
Østerdalsleden,Hytte på Osåsan,Rom og hytter,62.4805069,11.1250201,https://www.pilegrimsleden.no/interessepunkter/hytte-pa-osasan
Østerdalsleden,Hytte ved Nordstu Digre,Rom og hytter,62.9639538,10.6884527,https://www.pilegrimsleden.no/interessepunkter/hytte-ved-nordstu-digre
Østerdalsleden,Hytte | Storbekkøya museumssæter,Rom og hytter,62.7963475,10.6247878,https://www.pilegrimsleden.no/interessepunkter/hytte-pa-storbekkoya-museumssaeter
Østerdalsleden,Kari Maries Sommerresidens,Rom og hytter,62.9469167,10.6347222,https://www.pilegrimsleden.no/interessepunkter/kari-maries-sommerresidens
Østerdalsleden,Kneppstua - stengt,Rom og hytter,61.6545203,11.1673021,https://www.pilegrimsleden.no/interessepunkter/kneppstua
Østerdalsleden,Koie ved Netsjøen,Rom og hytter,61.4701603,11.2272756,https://www.pilegrimsleden.no/interessepunkter/koie-ved-netsjoen
Østerdalsleden,Koie ved Nysledammen,Rom og hytter,61.4623386,11.9730055,https://www.pilegrimsleden.no/interessepunkter/koie-ved-nosledammen
Østerdalsleden,Lia gård pilegrimshus,Pilegrimsherberge,61.5560217,11.1805445,https://www.pilegrimsleden.no/interessepunkter/lia-gard-pilegrimssenter
Østerdalsleden,Ljørkoia ved Løpsjøen,Rom og hytter,61.1711600,11.4614230,https://www.pilegrimsleden.no/interessepunkter/ljorkoia-ved-lopsjoen
Østerdalsleden,Mandfloen husmannsplass,Rom og hytter,61.1483690,12.4675857,https://www.pilegrimsleden.no/interessepunkter/mandfloen-husmannsplass
Østerdalsleden,Negarn,Rom og hytter,61.8836523,11.0902430,https://www.pilegrimsleden.no/interessepunkter/negarn
Østerdalsleden,Osdalsjøhytta,Rom og hytter,61.6268001,11.6570759,https://www.pilegrimsleden.no/interessepunkter/osdalsjohytta
Østerdalsleden,Perskoia,Rom og hytter,61.3374033,11.3913948,https://www.pilegrimsleden.no/interessepunkter/perskoia
Østerdalsleden,Pilegrimsbu Vardan,Rom og hytter,62.8903674,10.5875393,https://www.pilegrimsleden.no/interessepunkter/pilegrimsbu-vardan
Østerdalsleden,Pilegrimsbu ved Okstjønna,Rom og hytter,63.0502213,10.6784213,https://www.pilegrimsleden.no/interessepunkter/pilegrimsbu-ved-okstjonna
Østerdalsleden,Pilegrimsbua Rensjøen,Rom og hytter,61.6725951,11.3719511,https://www.pilegrimsleden.no/interessepunkter/pilegrimsbua-rensjoen
Østerdalsleden,Pilegrimslavvo ved Søndre Kvanntjønna,Rom og hytter,62.1084714,10.9356135,https://www.pilegrimsleden.no/interessepunkter/pilegrimslavvo-ved-sondre-kvanntjonna
Østerdalsleden,Rena Camping,Campingplass | Rom og hytter,61.1375625,11.3801110,https://www.pilegrimsleden.no/interessepunkter/rena-camping
Østerdalsleden,Rendalen Camping,Campingplass | Rom og hytter | Teltplass,61.6921815,11.2089691,https://www.pilegrimsleden.no/interessepunkter/rendalen-camping
Østerdalsleden,Romenstad Gård,Vandrerhjem,61.9676364,11.1071762,https://www.pilegrimsleden.no/interessepunkter/romenstad-gard
Østerdalsleden,Samatun,Rom og hytter,63.1104949,10.5960162,https://www.pilegrimsleden.no/interessepunkter/samatun
Østerdalsleden,Samsjøbua,Rom og hytter,63.0719798,10.7109286,https://www.pilegrimsleden.no/interessepunkter/samsjobua
Østerdalsleden,Simensvollen - trivelig seterstue,Rom og hytter,62.4677224,11.0710488,https://www.pilegrimsleden.no/interessepunkter/simensvollen-trivelig-seterstue
Østerdalsleden,Skinningskoia,Rom og hytter,61.1066449,12.5616132,https://www.pilegrimsleden.no/interessepunkter/skinningskoia
Østerdalsleden,Skårsåsbua,Rom og hytter,62.0186659,10.9633912,https://www.pilegrimsleden.no/interessepunkter/lavvo-ved-skorsasetra
Østerdalsleden,Småvangan skihytte,Rom og hytter,62.1770516,10.8226490,https://www.pilegrimsleden.no/interessepunkter/smavangan-skihytte
Østerdalsleden,Spellmovollen,Rom og hytter,62.6267163,10.8482695,https://www.pilegrimsleden.no/interessepunkter/spellmovollen
Østerdalsleden,Stengt- Pilegrimshytta i Otnes,Rom og hytter,61.7581462,11.1794455,https://www.pilegrimsleden.no/interessepunkter/pilegrimshytta-i-otnes
Østerdalsleden,Storsjøsenteret,Vandrerhjem,61.6921326,11.2088763,https://www.pilegrimsleden.no/interessepunkter/storsjosenteret
Østerdalsleden,Svarttjønnbua,Rom og hytter,62.7352447,10.7675833,https://www.pilegrimsleden.no/interessepunkter/svarttjonnbua
Østerdalsleden,Tollefkoia,Rom og hytter,61.2751008,11.4490914,https://www.pilegrimsleden.no/interessepunkter/tollefkoia
Østerdalsleden,Tollefsa Gjestegård,Vandrerhjem,62.4178455,10.8583664,https://www.pilegrimsleden.no/interessepunkter/tollefsa-gjestegard
Østerdalsleden,Trollhaugen,Rom og hytter,62.3423585,10.8130088,https://www.pilegrimsleden.no/interessepunkter/trollhaugen
Østerdalsleden,Trollhytta,Rom og hytter,61.4252775,11.3018990,https://www.pilegrimsleden.no/interessepunkter/trollhytta
Østerdalsleden,Trysil Hyttegrend & Camping,Vandrerhjem | Rom og hytter,61.2925837,12.2834712,https://www.pilegrimsleden.no/interessepunkter/trysil-hyttegrend-camping
Østerdalsleden,Trysilelva Camping,Vandrerhjem,61.3041381,12.2743678,https://www.pilegrimsleden.no/interessepunkter/trysilelva-camping
Østerdalsleden,Øyvindtjønna sælehus,Gapahuk,63.2603695,10.3340098,https://www.pilegrimsleden.no/interessepunkter/oyvindtjonna-saelehus
