trail,poi_name,category,lat,lon,match_status,matched_osm_id,matched_osm_url,distance_m,tag_diff
Gudbrandsdalsleden,Pilegrimssenter Dovrefjell (vinter),Pilegrimssenter | Naturområde,62.2212861,9.5464122,gap,,,,
Gudbrandsdalsleden,Milesteinen i Oslo – startpunkt,Pilegrimssenter,59.9059365,10.7680888,matched,node/2785465804,https://www.openstreetmap.org/node/2785465804,94.7,tourism=information; information=office; pilgrimage=stamp_office; checkpoint:type=stamp
Gudbrandsdalsleden,Oslo Bispegård,Kulturminne,59.9063410,10.7694500,matched,node/2785465804,https://www.openstreetmap.org/node/2785465804,8.2,tourism=information; information=office; pilgrimage=stamp_office; checkpoint:type=stamp
Gudbrandsdalsleden,Pilegrimsmottak,Turistinformasjon | Aktivitet | Sted,63.4265962,10.3999933,matched,way/167823309,https://www.openstreetmap.org/way/167823309,4.3,tourism=guest_house; pilgrimage=stamp_office; building=retail; checkpoint:type=stamp
Gudbrandsdalsleden,Pilegrimssenter Dale-Gudbrand,Pilegrimssenter | Handel og service | Naturområde,61.5483545,9.9663806,matched,node/6652754860,https://www.openstreetmap.org/node/6652754860,34.2,pilgrimage=stamp_office
Gudbrandsdalsleden,Pilegrimssenter Dale-Gudbrand,Overnatting | Pilegrimsherberge | Håndverk | Naturområde,61.5485334,9.9665523,matched,way/708003068,https://www.openstreetmap.org/way/708003068,27.5,tourism=information; information=office; pilgrimage=stamp_office; building=civic; checkpoint:type=stamp
Gudbrandsdalsleden,Pilegrimssenter Dovrefjell (sommer),Pilegrimssenter,62.2225090,9.5677338,matched,node/14086486197,https://www.openstreetmap.org/node/14086486197,35.9,tourism=information; information=office; pilgrimage=stamp_office; checkpoint:type=stamp
Gudbrandsdalsleden,Pilegrimssenter Granavollen,Pilegrimssenter | Overnatting | Teltplass | Rasteplass | Transport | Turistinformasjon | Naturområde,60.3673312,10.5283785,matched,node/8710369189,https://www.openstreetmap.org/node/8710369189,2.8,pilgrimage=stamp_office
Gudbrandsdalsleden,Pilegrimssenter Hamar  - Besøks- og informasjonssenter og herberge,Pilegrimssenter,60.7928113,11.0428940,matched,way/98811698,https://www.openstreetmap.org/way/98811698,4.5,tourism=information; information=office; pilgrimage=stamp_office; building=office
Gudbrandsdalsleden,Pilegrimssenter Oslo,Pilegrimssenter | Turistinformasjon,59.9062231,10.7698344,matched,node/2785465804,https://www.openstreetmap.org/node/2785465804,17.9,tourism=information; information=office; pilgrimage=stamp_office; checkpoint:type=stamp
St. Olavsleden,Frösö pilgrimscenter,Pilegrimssenter | Overnatting | Pilegrimsherberge,63.1782637,14.5206025,gap,,,,
St. Olavsleden,Naturum Ånge & Turistbyrå - Borgsjö Pilgrimscenter,Pilegrimssenter | Rasteplass | Handel og service | Turistinformasjon,62.5367378,15.9190751,gap,,,,
St. Olavsleden,Selånger Pilegrimssenter,Pilegrimssenter,62.4065825,17.2097649,gap,,,,
St. Olavsleden,Gjesteloftet på Stiklestad middelaldergård.,Overnatting,63.7960021,11.5622009,matched,node/14086452092,https://www.openstreetmap.org/node/14086452092,13.2,tourism=information; information=office; pilgrimage=stamp_office; checkpoint:type=stamp
St. Olavsleden,Pilegrimsmottak,Turistinformasjon | Aktivitet | Sted,63.4265962,10.3999933,matched,way/167823309,https://www.openstreetmap.org/way/167823309,4.3,tourism=guest_house; pilgrimage=stamp_office; building=retail; checkpoint:type=stamp
Borgleden,Borgleden pilegrimssenter,Pilegrimssenter,59.2842860,11.1112662,gap,,,,
Borgleden,Milesteinen i Oslo – startpunkt,Pilegrimssenter,59.9059365,10.7680888,matched,node/2785465804,https://www.openstreetmap.org/node/2785465804,94.7,tourism=information; information=office; pilgrimage=stamp_office; checkpoint:type=stamp
Borgleden,Oslo Bispegård,Kulturminne,59.9063410,10.7694500,matched,node/2785465804,https://www.openstreetmap.org/node/2785465804,8.2,tourism=information; information=office; pilgrimage=stamp_office; checkpoint:type=stamp
Borgleden,Pilegrimssenter Oslo,Pilegrimssenter | Turistinformasjon,59.9062231,10.7698344,matched,node/2785465804,https://www.openstreetmap.org/node/2785465804,17.9,tourism=information; information=office; pilgrimage=stamp_office; checkpoint:type=stamp
Kystpilegrimsleia,Regional Pilgrim Center Avaldsnes,OSM pilgrimage=*,59.2831743,5.3084524,gap,node/14086526408,https://www.openstreetmap.org/node/14086526408,,pilgrimage=stamp_office
Kystpilegrimsleia,Regionalt Pilegrimssenter Selje,Pilegrimssenter | Overnatting | Kirke | Kulturminne | Spisested | Turistinformasjon,62.0444819,5.3457584,gap,,,,
Kystpilegrimsleia,Nordvegen Historiesenter,Nøkkelsted | Museum | Kulturminne | Turistinformasjon,59.3548243,5.2920996,matched,node/14086531584,https://www.openstreetmap.org/node/14086531584,6.3,pilgrimage=stamp_office; checkpoint:type=stamp
Kystpilegrimsleia,Olavskirken på Avaldsnes,Pilegrimssenter | Kirke | Kulturminne,59.3559088,5.2915850,matched,node/14086531584,https://www.openstreetmap.org/node/14086531584,129.7,pilgrimage=stamp_office; checkpoint:type=stamp
Kystpilegrimsleia,Pilegrimsmottak,Turistinformasjon | Aktivitet | Sted,63.4265962,10.3999933,matched,way/167823309,https://www.openstreetmap.org/way/167823309,4.3,tourism=guest_house; pilgrimage=stamp_office; building=retail; checkpoint:type=stamp
Kystpilegrimsleia,Pilegrimssenter Dale-Gudbrand,Overnatting | Pilegrimsherberge | Håndverk | Naturområde,61.5485334,9.9665523,matched,way/708003068,https://www.openstreetmap.org/way/708003068,27.5,tourism=information; information=office; pilgrimage=stamp_office; building=civic; checkpoint:type=stamp
Kystpilegrimsleia,Pilegrimssenter Dovrefjell (sommer),Pilegrimssenter,62.2225090,9.5677338,matched,node/14086486197,https://www.openstreetmap.org/node/14086486197,35.9,tourism=information; information=office; pilgrimage=stamp_office; checkpoint:type=stamp
Kystpilegrimsleia,Regionalt pilegrimssenter Avaldsnes,Pilegrimssenter | Naturområde,59.3547550,5.2922790,matched,node/14086531584,https://www.openstreetmap.org/node/14086531584,6.7,pilgrimage=stamp_office; checkpoint:type=stamp
Kystpilegrimsleia,Regionalt pilegrimssenter Bergen,Pilegrimssenter | Nøkkelsted | Overnatting | Kulturminne | Spisested | Matbutikk | Turistinformasjon | Naturområde,60.3992217,5.3225128,matched,node/14086526409,https://www.openstreetmap.org/node/14086526409,0.6,pilgrimage=stamp_office; checkpoint:type=stamp; office=yes
Kystpilegrimsleia,Regionalt pilegrimssenter Smøla,Pilegrimssenter | Nøkkelsted | Overnatting | Spisested | Turistinformasjon,63.2863971,8.1344579,matched,node/11039992018,https://www.openstreetmap.org/node/11039992018,3.7,tourism=information; information=office; pilgrimage=stamp_office; checkpoint:type=stamp
Tunsbergleden,Løkken - filial for Pilegrimssenter Oslo,Pilegrimssenter,59.2744282,10.4052044,gap,,,,
Tunsbergleden,Milesteinen i Oslo – startpunkt,Pilegrimssenter,59.9059365,10.7680888,matched,node/2785465804,https://www.openstreetmap.org/node/2785465804,94.7,tourism=information; information=office; pilgrimage=stamp_office; checkpoint:type=stamp
Tunsbergleden,Oslo Bispegård,Kulturminne,59.9063410,10.7694500,matched,node/2785465804,https://www.openstreetmap.org/node/2785465804,8.2,tourism=information; information=office; pilgrimage=stamp_office; checkpoint:type=stamp
Tunsbergleden,Pilegrimssenter Oslo,Pilegrimssenter | Turistinformasjon,59.9062231,10.7698344,matched,node/2785465804,https://www.openstreetmap.org/node/2785465804,17.9,tourism=information; information=office; pilgrimage=stamp_office; checkpoint:type=stamp
Østerdalsleden,Pilegrimsmottak,Turistinformasjon | Aktivitet | Sted,63.4265962,10.3999933,matched,way/167823309,https://www.openstreetmap.org/way/167823309,4.3,tourism=guest_house; pilgrimage=stamp_office; building=retail; checkpoint:type=stamp
Romboleden,Pilegrimsmottak,Turistinformasjon | Aktivitet | Sted,63.4265962,10.3999933,matched,way/167823309,https://www.openstreetmap.org/way/167823309,4.3,tourism=guest_house; pilgrimage=stamp_office; building=retail; checkpoint:type=stamp
Nordleden,Gjesteloftet på Stiklestad middelaldergård.,Overnatting,63.7960021,11.5622009,matched,node/14086452092,https://www.openstreetmap.org/node/14086452092,13.2,tourism=information; information=office; pilgrimage=stamp_office; checkpoint:type=stamp
